date,open,low,high,close,volume,change
17/03/2023,1045.14,1053.37,1055.42,1043.54,491919487,-2.26 (-0.22%)
16/03/2023,1047.4,1056.15,1058.73,1043.65,464248804,-14.79 (-1.39%)
15/03/2023,1062.19,1052.06,1062.55,1043.82,549354353,+22.06 (+2.12%)
14/03/2023,1040.13,1049.3,1051.56,1034.72,559268089,-12.67 (-1.20%)
13/03/2023,1052.8,1046.95,1055.58,1045.46,524697475,-0.20 (-0.02%)
10/03/2023,1053,1050.53,1053.86,1046.31,456904718,-2.95 (-0.28%)
09/03/2023,1055.95,1050.61,1060.56,1049.45,557795196,+6.77 (+0.65%)
08/03/2023,1049.18,1028.77,1049.18,1027.8,480772305,+11.34 (+1.09%)
07/03/2023,1037.84,1033.96,1043.92,1033.32,424751711,+10.66 (+1.04%)
06/03/2023,1027.18,1032.68,1042.43,1026.73,390167802,+2.41 (+0.24%)
03/03/2023,1024.77,1038.1,1041.82,1022.78,384860210,-12.84 (-1.24%)
02/03/2023,1037.61,1039,1043.8,1033.07,323600739,-2.94 (-0.28%)
01/03/2023,1040.55,1023.29,1040.55,1013.37,468831652,+15.87 (+1.55%)
28/02/2023,1024.68,1027.74,1034.36,1018.72,361840202,+3.43 (+0.34%)
27/02/2023,1021.25,1029.55,1037.54,1017.55,514047262,-18.31 (-1.76%)
24/02/2023,1039.56,1051.58,1052.49,1034.66,397411116,-14.10 (-1.34%)
23/02/2023,1053.66,1053.95,1054.48,1030.58,635875420,-0.62 (-0.06%)
22/02/2023,1054.28,1073.62,1079.72,1054.28,766875629,-27.95 (-2.58%)
21/02/2023,1082.23,1089.74,1095.1,1081.8,654986075,-4.46 (-0.41%)
20/02/2023,1086.69,1059.74,1088.01,1059.56,632357012,+27.38 (+2.58%)
17/02/2023,1059.31,1058.99,1062.25,1053.26,429361712,+1.02 (+0.10%)
16/02/2023,1058.29,1051.16,1058.29,1047.45,410424347,+10.09 (+0.96%)
15/02/2023,1048.2,1037.17,1051.89,1034.39,494219711,+9.56 (+0.92%)
14/02/2023,1038.64,1045.14,1046.64,1032.76,338603680,-5.06 (-0.48%)
13/02/2023,1043.7,1050.99,1054.05,1031.7,604081987,-11.60 (-1.10%)
10/02/2023,1055.3,1066.16,1066.28,1054.08,405981492,-8.73 (-0.82%)
09/02/2023,1064.03,1070.07,1075.2,1064.03,383385672,-8.19 (-0.76%)
08/02/2023,1072.22,1067.58,1079.51,1063.5,480412264,+6.38 (+0.60%)
07/02/2023,1065.84,1088.07,1092.12,1065.18,595117862,-23.45 (-2.15%)
06/02/2023,1089.29,1072.53,1089.29,1067.24,415509001,+12.14 (+1.13%)
03/02/2023,1077.15,1078.8,1081.89,1070.46,506228410,-0.44 (-0.04%)
02/02/2023,1077.59,1079.69,1083.36,1070.81,592840287,+1.62 (+0.15%)
01/02/2023,1075.97,1114.68,1116.96,1075.97,974313591,-35.21 (-3.17%)
31/01/2023,1111.18,1100.4,1111.18,1088.25,653777043,+8.61 (+0.78%)
30/01/2023,1102.57,1117.66,1118.46,1102.57,751669376,-14.53 (-1.30%)
27/01/2023,1117.1,1114.15,1124.3,1111.41,571796047,+9.02 (+0.81%)
19/01/2023,1108.08,1095.53,1111.72,1094.46,578424840,+9.80 (+0.89%)
18/01/2023,1098.28,1092.5,1100.39,1089.56,553973050,+9.99 (+0.92%)
17/01/2023,1088.29,1071.37,1088.29,1067.6,592973477,+21.61 (+2.03%)
16/01/2023,1066.68,1062.27,1067.74,1057.87,408251101,+6.51 (+0.61%)
13/01/2023,1060.17,1060.71,1066.39,1055.23,475831302,+3.78 (+0.36%)
12/01/2023,1056.39,1058.51,1060.97,1050.27,384711856,+0.63 (+0.06%)
11/01/2023,1055.76,1058.25,1065.69,1054.53,508383635,+2.41 (+0.23%)
10/01/2023,1053.35,1054.84,1057.44,1045.75,423559983,-0.86 (-0.08%)
09/01/2023,1054.21,1058.28,1062.12,1050.95,386475419,+2.77 (+0.26%)
06/01/2023,1051.44,1055.51,1065.58,1047.26,614839617,-4.38 (-0.41%)
05/01/2023,1055.82,1048.17,1058.14,1046.64,496648822,+9.47 (+0.91%)
04/01/2023,1046.35,1048.31,1052.6,1041.56,567122435,+2.45 (+0.23%)
03/01/2023,1043.9,1011.39,1043.9,1011.38,518330539,+36.81 (+3.66%)
30/12/2022,1007.09,1017.45,1017.99,1007.09,344476102,-2.20 (-0.22%)
29/12/2022,1009.29,1016.06,1021.96,1009.29,371423239,-6.37 (-0.63%)
28/12/2022,1015.66,1008.41,1020.52,998.97,392401430,+11.09 (+1.10%)
27/12/2022,1004.57,986.07,1007.88,983.67,507365838,+19.36 (+1.97%)
26/12/2022,985.21,1019.66,1021.89,985.21,567028245,-35.13 (-3.44%)
23/12/2022,1020.34,1023.69,1027.34,1013.2,423957138,-2.27 (-0.22%)
22/12/2022,1022.61,1026.49,1033.18,1016.54,531856686,+3.73 (+0.37%)
21/12/2022,1018.88,1033.34,1033.84,1005.43,703743162,-4.25 (-0.42%)
20/12/2022,1023.13,1035.82,1038.74,1010.08,954254715,-15.27 (-1.47%)
19/12/2022,1038.4,1053.91,1065.59,1038.4,852541606,-14.08 (-1.34%)
16/12/2022,1052.48,1048.62,1064.79,1047.16,790451687,-2.84 (-0.27%)
15/12/2022,1055.32,1049.16,1062.61,1049.06,665936183,+4.89 (+0.47%)
14/12/2022,1050.43,1062.18,1062.18,1046.43,668040483,+2.98 (+0.28%)
13/12/2022,1047.45,1035.76,1047.45,1026.3,735990880,+15.38 (+1.49%)
12/12/2022,1032.07,1059.55,1065.16,1032.07,808987597,-19.74 (-1.88%)
09/12/2022,1051.81,1056.85,1061.21,1041.39,725840141,+1.28 (+0.12%)
08/12/2022,1050.53,1055.21,1078.09,1045.98,873932924,+9.51 (+0.91%)
07/12/2022,1041.02,1046.72,1059.79,1034.92,828165808,-7.67 (-0.73%)
06/12/2022,1048.69,1088.9,1090.64,1048.69,1357245176,-44.98 (-4.11%)
05/12/2022,1093.67,1090.97,1099.45,1082.59,1112476953,+13.66 (+1.26%)
02/12/2022,1080.01,1032.67,1080.01,1030.81,1014519597,+43.73 (+4.22%)
01/12/2022,1036.28,1057.97,1066.28,1035.62,1263641012,-12.14 (-1.16%)
30/11/2022,1048.42,1037.44,1048.42,1021.54,956740638,+16.26 (+1.58%)
29/11/2022,1032.16,1008.85,1032.16,998.56,1101952455,+26.47 (+2.63%)
28/11/2022,1005.69,979.68,1006.22,979.48,872659644,+34.23 (+3.52%)
25/11/2022,971.46,956.62,971.46,955.53,554522096,+23.75 (+2.51%)
24/11/2022,947.71,942.86,950.03,934.31,482211800,+1.71 (+0.18%)
23/11/2022,946,947.81,958.61,942.02,489057298,-6.12 (-0.64%)
22/11/2022,952.12,953.78,985.28,948.52,978966312,-8.53 (-0.89%)
21/11/2022,960.65,971.58,973.19,956.77,522896406,-8.68 (-0.90%)
18/11/2022,969.33,967.18,971.77,939.73,833998764,+0.07 (+0.01%)
17/11/2022,969.26,952.91,972.88,945.09,589757181,+26.36 (+2.80%)
16/11/2022,942.9,876,945.42,873.78,934319990,+31.00 (+3.40%)
15/11/2022,911.9,926.08,929.06,900.17,589338231,-29.14 (-3.10%)
14/11/2022,941.04,939.94,949.38,923.53,599475661,-13.49 (-1.41%)
11/11/2022,954.53,954.95,966.7,949.49,646430307,+7.29 (+0.77%)
10/11/2022,947.24,974.76,976.31,935.78,698929752,-38.35 (-3.89%)
09/11/2022,985.59,983.62,994.79,977.93,479348375,+3.94 (+0.40%)
08/11/2022,981.65,960.93,981.86,956.97,542658093,+6.46 (+0.66%)
07/11/2022,975.19,989.74,996.18,969.61,534179038,-21.96 (-2.20%)
04/11/2022,997.15,1008.23,1009.96,974.61,694874936,-22.66 (-2.22%)
03/11/2022,1019.81,1011.41,1023.95,1010.65,404560465,-3.38 (-0.33%)
02/11/2022,1023.19,1033.51,1034.73,1018.64,488484391,-10.56 (-1.02%)
01/11/2022,1033.75,1034.77,1043.53,1027.39,576018299,+5.81 (+0.57%)
31/10/2022,1027.94,1028.24,1030.32,1005,581686899,+0.58 (+0.06%)
28/10/2022,1027.36,1036.27,1044.57,1026.53,515678504,-0.65 (-0.06%)
27/10/2022,1028.01,994.82,1028.01,990.48,572521830,+34.65 (+3.49%)
26/10/2022,993.36,1000.71,1004.55,984.71,352504126,-4.34 (-0.44%)
25/10/2022,997.7,980.47,1011.39,962.45,670496541,+11.55 (+1.17%)
24/10/2022,986.15,1021.25,1023.51,977.41,547325768,-33.67 (-3.30%)
21/10/2022,1019.82,1059.03,1059.09,1013.69,642381040,-38.63 (-3.65%)
20/10/2022,1058.45,1056.14,1065.28,1048.21,352606874,-1.62 (-0.15%)
19/10/2022,1060.07,1065.08,1065.99,1052.29,345536813,-3.59 (-0.34%)
18/10/2022,1063.66,1065.6,1071.74,1057.71,466601790,+12.08 (+1.15%)
17/10/2022,1051.58,1053.46,1054.05,1033.59,435862211,-10.27 (-0.97%)
14/10/2022,1061.85,1063.07,1068.12,1055.29,506507283,+10.86 (+1.03%)
13/10/2022,1050.99,1035.33,1050.99,1025.04,402770922,+16.18 (+1.56%)
12/10/2022,1034.81,1006.1,1039.44,1002.89,533033551,+28.61 (+2.84%)
11/10/2022,1006.2,1036.39,1036.48,998.64,581085298,-36.28 (-3.48%)
10/10/2022,1042.48,1019.67,1051.02,1012.94,542075880,+6.57 (+0.63%)
07/10/2022,1035.91,1061.93,1062.23,1022.38,788871784,-38.61 (-3.59%)
06/10/2022,1074.52,1105.31,1106.97,1072.57,500112250,-29.74 (-2.69%)
05/10/2022,1104.26,1092.08,1110.21,1092.08,397012510,+26.12 (+2.42%)
04/10/2022,1078.14,1095.73,1100.42,1069.74,514033942,-8.30 (-0.76%)
03/10/2022,1086.44,1124.46,1126.46,1079.86,502098805,-45.67 (-4.03%)
30/09/2022,1132.11,1115.2,1135.47,1099.44,612655902,+6.04 (+0.54%)
29/09/2022,1126.07,1157.09,1159.49,1126.07,416164258,-17.55 (-1.53%)
28/09/2022,1143.62,1158.53,1162.6,1142.79,496930374,-22.92 (-1.96%)
27/09/2022,1166.54,1177.51,1180.75,1166.44,415319330,-7.81 (-0.67%)
26/09/2022,1174.35,1186.41,1190.27,1159.12,702130223,-28.93 (-2.40%)
23/09/2022,1203.28,1212.61,1216.59,1201.45,443474468,-11.42 (-0.94%)
22/09/2022,1214.7,1200.34,1214.7,1196.64,436228785,+4.15 (+0.34%)
21/09/2022,1210.55,1213.47,1217.28,1204.68,325758197,-8.38 (-0.69%)
20/09/2022,1218.93,1212.08,1218.93,1199.71,413031821,+13.50 (+1.12%)
19/09/2022,1205.43,1231.45,1233.46,1202.07,642152831,-28.60 (-2.32%)
16/09/2022,1234.03,1243.15,1246.17,1230.37,594453000,-11.63 (-0.93%)
15/09/2022,1245.66,1247.34,1250.93,1243.45,386210366,+4.89 (+0.39%)
14/09/2022,1240.77,1229.76,1242.17,1228.51,574967232,-7.63 (-0.61%)
13/09/2022,1248.4,1251.1,1252.35,1243.87,464202179,-1.22 (-0.10%)
12/09/2022,1249.62,1255.16,1257.8,1248.97,390724335,+0.84 (+0.07%)
09/09/2022,1248.78,1241.26,1248.78,1228.54,542039800,+14.18 (+1.15%)
08/09/2022,1234.6,1251.06,1251.36,1234.6,557779800,-8.57 (-0.69%)
07/09/2022,1243.17,1274.6,1275.07,1243.17,796593600,-34.23 (-2.68%)
06/09/2022,1277.4,1279.58,1286.92,1277.4,537987600,+0.05 (+0.00%)
05/09/2022,1277.35,1280.26,1285.7,1275.35,466166300,-3.16 (-0.25%)
31/08/2022,1280.51,1276.49,1285.29,1274.99,462420100,+1.12 (+0.09%)
30/08/2022,1279.39,1274.97,1287.65,1271.01,473770000,+8.59 (+0.68%)
29/08/2022,1270.8,1263.43,1271.56,1249.17,793997300,-11.77 (-0.92%)
26/08/2022,1282.57,1291.29,1295.12,1280.05,614354500,-6.31 (-0.49%)
25/08/2022,1288.88,1280.39,1289.18,1279.45,562124700,+11.72 (+0.92%)
24/08/2022,1277.16,1275.57,1280.36,1272.33,519810800,+6.35 (+0.50%)
23/08/2022,1270.81,1253.45,1270.81,1253.45,520796300,+10.38 (+0.82%)
22/08/2022,1260.43,1264.64,1270.57,1255.83,566785900,-8.75 (-0.69%)
19/08/2022,1269.18,1272.23,1280,1263.45,568209800,-4.48 (-0.35%)
18/08/2022,1273.66,1273.45,1283.15,1268.64,558424300,-1.62 (-0.13%)
17/08/2022,1275.28,1276.78,1280.61,1271.97,644581600,+0.59 (+0.05%)
16/08/2022,1274.69,1274.08,1275.93,1271.11,569526100,+0.49 (+0.04%)
15/08/2022,1274.2,1268.56,1274.24,1267.14,585580500,+11.87 (+0.94%)
12/08/2022,1262.33,1250.66,1262.33,1248.65,508817800,+10.26 (+0.82%)
11/08/2022,1252.07,1267.37,1268.03,1245.85,765336500,-4.43 (-0.35%)
10/08/2022,1256.5,1255.69,1260.36,1253.89,584384800,-2.35 (-0.19%)
09/08/2022,1258.85,1260.36,1263.14,1252.84,655262300,+2.10 (+0.17%)
08/08/2022,1256.75,1252.36,1258.84,1252.04,634015600,+4.01 (+0.32%)
05/08/2022,1252.74,1250.25,1253.75,1245.05,604391400,-1.41 (-0.11%)
04/08/2022,1254.15,1252.49,1257.38,1247.38,655935800,+4.39 (+0.35%)
03/08/2022,1249.76,1233.84,1250.2,1232.41,702358600,+8.14 (+0.66%)
02/08/2022,1241.62,1230.31,1241.91,1224.11,734388200,+10.27 (+0.83%)
01/08/2022,1231.35,1209.05,1231.35,1206.46,681871300,+25.02 (+2.07%)
29/07/2022,1206.33,1214.32,1217.84,1206.33,537058300,-1.79 (-0.15%)
28/07/2022,1208.12,1201.77,1214.03,1198.68,620546700,+17.08 (+1.43%)
27/07/2022,1191.04,1180.83,1191.04,1178.58,387799200,+5.97 (+0.50%)
26/07/2022,1185.07,1189.2,1194.15,1184.44,388328300,-3.43 (-0.29%)
25/07/2022,1188.5,1191.43,1198.16,1184.32,410066000,-6.26 (-0.52%)
22/07/2022,1194.76,1199.16,1202.69,1194.76,448428100,-3.71 (-0.31%)
21/07/2022,1198.47,1195.03,1201.91,1194.89,500949000,+4.33 (+0.36%)
20/07/2022,1194.14,1188.12,1198.63,1185.82,601098600,+15.81 (+1.34%)
19/07/2022,1178.33,1176.1,1180.46,1168.99,479006800,+1.84 (+0.16%)
18/07/2022,1176.49,1184.74,1184.93,1174.7,480514500,-2.76 (-0.23%)
15/07/2022,1179.25,1183.15,1189.66,1178.12,543854200,-2.92 (-0.25%)
14/07/2022,1182.17,1170.7,1182.17,1170.04,490512400,+8.25 (+0.70%)
13/07/2022,1173.92,1173.46,1182.21,1170.92,522379700,-0.90 (-0.08%)
12/07/2022,1174.82,1154.31,1174.82,1153.55,475429100,+19.53 (+1.69%)
11/07/2022,1155.29,1161.3,1165.6,1144.55,488732000,-16.02 (-1.37%)
08/07/2022,1171.31,1174.53,1177.18,1164.23,437189300,+4.83 (+0.41%)
07/07/2022,1166.48,1148.97,1166.48,1142.8,362816600,+16.87 (+1.47%)
06/07/2022,1149.61,1167.25,1175.26,1147.63,511773800,-31.68 (-2.68%)
05/07/2022,1181.29,1198.42,1200.99,1181.29,559493000,-14.24 (-1.19%)
04/07/2022,1195.53,1206.47,1208.96,1192.63,403314600,-3.37 (-0.28%)
01/07/2022,1198.9,1193.04,1202.41,1170.95,498479000,+1.30 (+0.11%)
30/06/2022,1197.6,1218.22,1220.51,1197.6,471576000,-20.49 (-1.68%)
29/06/2022,1218.09,1208.22,1219.58,1207.38,519299900,-0.01 (-0.00%)
28/06/2022,1218.1,1202.41,1221.74,1198.99,534186600,+15.28 (+1.27%)
27/06/2022,1202.82,1189.12,1203.51,1187.38,429735700,+17.34 (+1.46%)
24/06/2022,1185.48,1190.82,1196.85,1185.48,410876800,-3.40 (-0.29%)
23/06/2022,1188.88,1162.06,1188.88,1162.06,380442900,+19.61 (+1.68%)
22/06/2022,1169.27,1180.11,1185.86,1162.98,529135300,-3.20 (-0.27%)
21/06/2022,1172.47,1172.98,1189.97,1162.94,607711900,-7.93 (-0.67%)
20/06/2022,1180.4,1218.37,1221.6,1180.4,620002900,-36.90 (-3.03%)
17/06/2022,1217.3,1210.5,1220.41,1191.92,684022500,-19.33 (-1.56%)
16/06/2022,1236.63,1227.24,1246.32,1223,522295400,+22.70 (+1.87%)
15/06/2022,1213.93,1231.23,1235.56,1195.19,626914600,-16.38 (-1.33%)
14/06/2022,1230.31,1213.44,1239.36,1211.13,519177100,+3.27 (+0.27%)
13/06/2022,1227.04,1251.08,1261.54,1226.01,709415500,-57.04 (-4.44%)
10/06/2022,1284.08,1298.78,1309.59,1284.08,561068400,-23.72 (-1.81%)
09/06/2022,1307.8,1310.35,1312.44,1300.85,436340700,-0.11 (-0.01%)
08/06/2022,1307.91,1297.56,1316.78,1294.27,543305900,+16.56 (+1.28%)
07/06/2022,1291.35,1285.07,1291.35,1260.92,625987600,+1.34 (+0.10%)
06/06/2022,1290.01,1290.04,1302.14,1281.95,541562900,+2.03 (+0.16%)
03/06/2022,1287.98,1284.62,1292.78,1276.37,430601700,-0.64 (-0.05%)
02/06/2022,1288.62,1300.58,1302.66,1283.32,527625000,-10.90 (-0.84%)
01/06/2022,1299.52,1289.56,1302.25,1286.01,505619500,+6.84 (+0.53%)
31/05/2022,1292.68,1288.63,1297.64,1280.44,543596100,-1.24 (-0.10%)
30/05/2022,1293.92,1290.11,1296.22,1281.27,499452600,+8.47 (+0.66%)
27/05/2022,1285.45,1270.56,1286.99,1269.29,578174500,+16.88 (+1.33%)
26/05/2022,1268.57,1273.8,1278.11,1261.55,514352700,+0.14 (+0.01%)
25/05/2022,1268.43,1238.52,1268.43,1234.17,616951500,+35.05 (+2.84%)
24/05/2022,1233.38,1218.87,1233.38,1203.28,479498700,+14.57 (+1.20%)
23/05/2022,1218.81,1246.56,1246.58,1207.99,488979100,-21.90 (-1.77%)
20/05/2022,1240.71,1240.72,1252.96,1232.33,465793600,-0.93 (-0.07%)
19/05/2022,1241.64,1211.31,1246.66,1210.43,459858400,+0.88 (+0.07%)
18/05/2022,1240.76,1240.06,1249.84,1222.92,514538800,+12.39 (+1.01%)
17/05/2022,1228.37,1164.32,1228.37,1156.54,542868100,+56.42 (+4.81%)
16/05/2022,1171.95,1208.05,1215.96,1170.59,551353400,-10.82 (-0.91%)
13/05/2022,1182.77,1235.03,1237.8,1180.6,736096200,-56.07 (-4.53%)
12/05/2022,1238.84,1290.4,1291.65,1238.05,516642600,-62.69 (-4.82%)
11/05/2022,1301.53,1295.39,1305.17,1277.91,380880400,+7.97 (+0.62%)
10/05/2022,1293.56,1240.93,1293.56,1232.57,600766800,+23.94 (+1.89%)
09/05/2022,1269.62,1313.49,1314.52,1265.54,627609200,-59.64 (-4.49%)
06/05/2022,1329.26,1333.55,1353.48,1328.13,510678900,-31.42 (-2.31%)
05/05/2022,1360.68,1361.62,1362.18,1331.41,510234300,+12.00 (+0.89%)
04/05/2022,1348.68,1366.11,1366.39,1348.68,498884800,-18.12 (-1.33%)
29/04/2022,1366.8,1347.08,1369.31,1343.24,532838100,+15.81 (+1.17%)
28/04/2022,1350.99,1353.71,1358.07,1344.1,458334600,-2.78 (-0.21%)
27/04/2022,1353.77,1340.07,1355.92,1314.81,485406800,+12.43 (+0.93%)
26/04/2022,1341.34,1285.4,1341.34,1261.4,673169600,+30.42 (+2.32%)
25/04/2022,1310.92,1377.75,1382.13,1298.38,696873600,-68.31 (-4.95%)
22/04/2022,1379.23,1378.28,1392.89,1352.43,799750600,+9.02 (+0.66%)
21/04/2022,1370.21,1369.8,1392.33,1356.58,741348500,-14.51 (-1.05%)
20/04/2022,1384.72,1401.63,1410.64,1384.72,652803300,-21.73 (-1.55%)
19/04/2022,1406.45,1435.78,1442.04,1406.45,666337000,-26.15 (-1.83%)
18/04/2022,1432.6,1456.47,1456.47,1425.07,790646000,-25.96 (-1.78%)
15/04/2022,1458.56,1470.53,1478.95,1456.39,639722900,-13.56 (-0.92%)
14/04/2022,1472.12,1481.5,1484.34,1471.75,498914000,-5.08 (-0.34%)
13/04/2022,1477.2,1459.48,1477.2,1448.52,636344500,+21.95 (+1.51%)
12/04/2022,1455.25,1487.86,1490.58,1455.25,656188800,-26.75 (-1.80%)
08/04/2022,1482,1501.61,1507.73,1482,741103600,-20.35 (-1.35%)
07/04/2022,1502.35,1524.12,1524.92,1502.35,763664700,-20.55 (-1.35%)
06/04/2022,1522.9,1513.17,1523.75,1507.62,912695000,+2.87 (+0.19%)
05/04/2022,1520.03,1521.37,1527.57,1519.28,663110500,-4.67 (-0.31%)
04/04/2022,1524.7,1530.02,1530.95,1522.82,734587100,+8.26 (+0.54%)
01/04/2022,1516.44,1489.47,1516.87,1484.13,881661100,+24.29 (+1.63%)
31/03/2022,1492.15,1492.5,1498.41,1488.27,633286300,+1.64 (+0.11%)
30/03/2022,1490.51,1492.15,1503.89,1483.9,880911900,-7.25 (-0.48%)
29/03/2022,1497.76,1485.22,1498.45,1485.22,687922600,+14.58 (+0.98%)
28/03/2022,1483.18,1490.44,1496.79,1473.8,988984900,-15.32 (-1.02%)
25/03/2022,1498.5,1500.17,1503.29,1494.55,724086800,+0.24 (+0.02%)
24/03/2022,1498.26,1504.3,1505.39,1495.18,753772900,-4.08 (-0.27%)
23/03/2022,1502.34,1505.76,1513.9,1501.67,788727300,-1.44 (-0.10%)
22/03/2022,1503.78,1500.08,1507.71,1498.48,905037000,+8.83 (+0.59%)
21/03/2022,1494.95,1474.78,1494.95,1474.38,727377200,+25.85 (+1.76%)
18/03/2022,1469.1,1466.14,1474.86,1465.57,745610800,+7.76 (+0.53%)
17/03/2022,1461.34,1466.56,1467.74,1459.14,683175800,+2.01 (+0.14%)
16/03/2022,1459.33,1459.97,1462.98,1453.91,544662700,+6.59 (+0.45%)
15/03/2022,1452.74,1445.05,1453.07,1437.27,641644500,+6.49 (+0.45%)
14/03/2022,1446.25,1459.28,1461.06,1439.19,815892100,-20.29 (-1.38%)
11/03/2022,1466.54,1478.23,1480.29,1458.88,855643700,-12.54 (-0.85%)
10/03/2022,1479.08,1476.76,1488.59,1476.76,629092200,+5.34 (+0.36%)
09/03/2022,1473.74,1478.16,1482.86,1462.8,888352600,+0.03 (+0.00%)
08/03/2022,1473.71,1487.37,1495.97,1473.71,982168800,-25.34 (-1.69%)
07/03/2022,1499.05,1500.65,1505.32,1493.87,941752700,-6.28 (-0.42%)
04/03/2022,1505.33,1506.79,1509.19,1501.39,873323700,+0.33 (+0.02%)
03/03/2022,1505,1492.42,1505,1487.69,902783400,+19.48 (+1.31%)
02/03/2022,1485.52,1499.37,1500.41,1479.55,914957200,-13.26 (-0.88%)
01/03/2022,1498.78,1493.41,1501.73,1491.48,796368600,+8.65 (+0.58%)
28/02/2022,1490.13,1499.31,1502.36,1487.57,693212400,-8.76 (-0.58%)
25/02/2022,1498.89,1504.37,1512.05,1498.89,736050400,+4.04 (+0.27%)
24/02/2022,1494.85,1511.84,1513.25,1473.76,1133051100,-17.45 (-1.15%)
23/02/2022,1512.3,1509.42,1520.78,1507.37,660165300,+8.83 (+0.59%)
22/02/2022,1503.47,1497.46,1506.38,1484.81,875383700,-7.37 (-0.49%)
21/02/2022,1510.84,1504.96,1516.63,1500.97,737693400,+6.00 (+0.40%)
18/02/2022,1504.84,1494.3,1507.29,1492.38,672537800,-3.15 (-0.21%)
17/02/2022,1507.99,1492.56,1507.99,1492.49,588111300,+15.89 (+1.06%)
16/02/2022,1492.1,1499.03,1499.5,1486.68,617187300,-0.65 (-0.04%)
15/02/2022,1492.75,1473.92,1495.56,1470.06,572156100,+20.79 (+1.41%)
14/02/2022,1471.96,1485.75,1495.99,1471.96,751563900,-29.75 (-1.98%)
11/02/2022,1501.71,1503.37,1508.54,1499.06,577407200,-5.08 (-0.34%)
10/02/2022,1506.79,1510.66,1512.88,1495.7,628938000,+1.41 (+0.09%)
09/02/2022,1505.38,1500.78,1511.72,1499.53,754188100,+4.39 (+0.29%)
08/02/2022,1500.99,1496.53,1503.33,1491.78,697228100,+3.33 (+0.22%)
07/02/2022,1497.66,1499.27,1505.69,1493.89,551698200,+18.70 (+1.26%)
28/01/2022,1478.96,1469.54,1484.48,1465.22,663924300,+8.20 (+0.56%)
27/01/2022,1470.76,1477.15,1486.39,1464.06,522667600,-10.82 (-0.73%)
26/01/2022,1481.58,1484.73,1490.45,1478.41,767576600,+2.00 (+0.14%)
25/01/2022,1479.58,1431.51,1479.58,1424.36,706092300,+39.87 (+2.77%)
24/01/2022,1439.71,1465.94,1467.99,1432.18,796675500,-33.18 (-2.25%)
21/01/2022,1472.89,1471.9,1477.23,1463.06,784569900,+7.59 (+0.52%)
20/01/2022,1465.3,1438.98,1469.08,1432.58,762449400,+22.51 (+1.56%)
19/01/2022,1442.79,1438.95,1449.11,1434.46,557995700,+3.85 (+0.27%)
18/01/2022,1438.94,1439.29,1452.14,1424.65,691087800,-13.90 (-0.96%)
17/01/2022,1452.84,1498.83,1503.86,1452.84,926487900,-43.18 (-2.89%)
14/01/2022,1496.02,1486.91,1503.25,1476.68,734088500,-0.03 (-0.00%)
13/01/2022,1496.05,1512.9,1522.6,1495.13,977115800,-14.46 (-0.96%)
12/01/2022,1510.51,1489.11,1510.51,1464.49,1104610300,+18.20 (+1.22%)
11/01/2022,1492.31,1505.04,1512.05,1488.4,1219558100,-11.40 (-0.76%)
10/01/2022,1503.71,1528.74,1536.45,1503.71,1315951200,-24.77 (-1.62%)
07/01/2022,1528.48,1534.1,1534.52,1524.96,951525400,-0.09 (-0.01%)
06/01/2022,1528.57,1519.72,1536.24,1518.18,1087239800,+6.07 (+0.40%)
05/01/2022,1522.5,1529.06,1535.82,1522.5,987023800,-3.08 (-0.20%)
04/01/2022,1525.58,1508.55,1526.69,1507.19,839676500,+27.30 (+1.82%)
31/12/2021,1498.28,1490.17,1499.07,1489.71,846534300,+12.31 (+0.83%)
30/12/2021,1485.97,1490.96,1493.38,1484.82,724365200,+0.15 (+0.01%)
29/12/2021,1485.82,1497.86,1498.91,1485.82,793769800,-8.57 (-0.57%)
28/12/2021,1494.39,1494.9,1499.77,1483.97,933584700,+5.51 (+0.37%)
27/12/2021,1488.88,1483.64,1490.12,1469.91,715824500,+11.85 (+0.80%)
24/12/2021,1477.03,1463.1,1478.8,1456.32,855008900,+20.07 (+1.38%)
23/12/2021,1456.96,1479.46,1481.21,1447.14,1266412300,-20.71 (-1.40%)
22/12/2021,1477.67,1484.9,1489.24,1471.84,1031093800,-1.07 (-0.07%)
21/12/2021,1478.74,1474.87,1486.09,1472.43,866421100,+1.41 (+0.10%)
20/12/2021,1477.33,1483.85,1483.85,1468.88,906869900,-2.46 (-0.17%)
17/12/2021,1479.79,1481.76,1487.73,1479.79,1065320100,+3.18 (+0.22%)
16/12/2021,1476.61,1481.85,1482.32,1468.95,889612700,+1.11 (+0.08%)
15/12/2021,1475.5,1476.5,1481.67,1468.21,861484300,-0.52 (-0.04%)
14/12/2021,1476.02,1476.82,1485.14,1469.21,914795700,-0.19 (-0.01%)
13/12/2021,1476.21,1471.96,1481.7,1470.08,815155200,+12.67 (+0.87%)
10/12/2021,1463.54,1469.83,1475.85,1461.78,780120100,-4.44 (-0.30%)
09/12/2021,1467.98,1447.59,1467.98,1446.88,631261500,+15.11 (+1.04%)
08/12/2021,1452.87,1451.94,1460.28,1447.88,732009400,+6.10 (+0.42%)
07/12/2021,1446.77,1426.88,1446.77,1421.6,691695900,+33.19 (+2.35%)
06/12/2021,1413.58,1446.28,1452.55,1400.87,1013743700,-29.74 (-2.06%)
03/12/2021,1443.32,1489.54,1491.2,1443.32,1034480600,-38.73 (-2.61%)
02/12/2021,1482.05,1489.12,1493.84,1482.05,745629400,-3.14 (-0.21%)
01/12/2021,1485.19,1477.85,1487.68,1471.3,837551800,+6.75 (+0.46%)
30/11/2021,1478.44,1500.24,1503.09,1471.57,1049366600,-6.40 (-0.43%)
29/11/2021,1484.84,1464.83,1488.93,1464.83,983072000,-8.19 (-0.55%)
26/11/2021,1493.03,1506.69,1511.68,1488.83,1006637100,-7.78 (-0.52%)
25/11/2021,1500.81,1496.41,1505.36,1490.32,953098400,+11.94 (+0.80%)
24/11/2021,1488.87,1470.66,1491.05,1467.29,1073235900,+25.24 (+1.72%)
23/11/2021,1463.63,1442.66,1463.63,1438.41,839875300,+16.38 (+1.13%)
22/11/2021,1447.25,1452.3,1466.46,1442.85,1209419000,-5.10 (-0.35%)
19/11/2021,1452.35,1474.11,1481.53,1434.69,1490882800,-17.48 (-1.19%)
18/11/2021,1469.83,1479.39,1482.87,1469.83,1052200900,-6.02 (-0.41%)
17/11/2021,1475.85,1467.08,1477.04,1464.78,828629100,+9.40 (+0.64%)
16/11/2021,1466.45,1472.83,1476.97,1459.08,1157402400,-10.12 (-0.69%)
15/11/2021,1476.57,1481.75,1481.96,1466.01,1146225600,+3.20 (+0.22%)
12/11/2021,1473.37,1464.2,1474.98,1453.22,909366000,+11.02 (+0.75%)
11/11/2021,1462.35,1469.22,1472.89,1449.18,1206887000,-2.67 (-0.18%)
10/11/2021,1465.02,1465.1,1470.19,1457.98,955160600,+3.52 (+0.24%)
09/11/2021,1461.5,1469.94,1474.2,1457.57,1003649300,-6.07 (-0.41%)
08/11/2021,1467.57,1461.61,1470.49,1456.9,1006323900,+11.06 (+0.76%)
05/11/2021,1456.51,1450.71,1459.93,1444.51,844497200,+8.17 (+0.56%)
04/11/2021,1448.34,1442.89,1451.98,1435.84,890357900,+4.04 (+0.28%)
03/11/2021,1444.3,1459.05,1463.63,1440.67,1455441700,-8.16 (-0.56%)
02/11/2021,1452.46,1439.61,1452.46,1438.83,972155400,+13.49 (+0.94%)
01/11/2021,1438.97,1449.32,1451.81,1435.57,1092936400,-5.30 (-0.37%)
29/10/2021,1444.27,1439.27,1447.62,1432.19,946189100,+6.26 (+0.44%)
28/10/2021,1438.01,1427.89,1440.64,1420.42,826726500,+14.99 (+1.05%)
27/10/2021,1423.02,1397.51,1423.02,1395.83,861686700,+31.39 (+2.26%)
26/10/2021,1391.63,1384.12,1393.03,1377.56,703571700,+6.23 (+0.45%)
25/10/2021,1385.4,1395.45,1395.72,1385.4,868073700,-3.84 (-0.28%)
22/10/2021,1389.24,1388.66,1393.7,1385.53,746799700,+4.47 (+0.32%)
21/10/2021,1384.77,1397.59,1398.45,1384.77,681412600,-9.03 (-0.65%)
20/10/2021,1393.8,1398.45,1401.76,1376.15,804215000,-1.53 (-0.11%)
19/10/2021,1395.33,1396.07,1399.66,1388.95,605953600,-0.20 (-0.01%)
18/10/2021,1395.53,1395.57,1402.63,1390.88,764032400,+2.83 (+0.20%)
15/10/2021,1392.7,1395.81,1399.03,1388,743666800,+0.85 (+0.06%)
14/10/2021,1391.85,1392.88,1398.67,1388.89,690243000,-0.06 (-0.00%)
13/10/2021,1391.91,1398.21,1400.67,1389.61,608348500,-2.89 (-0.21%)
12/10/2021,1394.8,1398.03,1400.78,1389.43,707870000,+0.71 (+0.05%)
11/10/2021,1394.09,1377.53,1394.64,1377.3,721458300,+21.36 (+1.56%)
08/10/2021,1372.73,1369.14,1373.18,1365.93,603842600,+6.74 (+0.49%)
07/10/2021,1365.99,1365.54,1367.64,1360.57,658670400,+3.17 (+0.23%)
06/10/2021,1362.82,1359.63,1362.82,1355,594012900,+8.19 (+0.60%)
05/10/2021,1354.63,1345.43,1354.63,1343.48,576701100,+15.09 (+1.13%)
04/10/2021,1339.54,1337.74,1347.49,1333.53,700605800,+4.65 (+0.35%)
01/10/2021,1334.89,1339.68,1344.06,1332.97,601963900,-7.17 (-0.53%)
30/09/2021,1342.06,1341.83,1348.89,1341.15,438294600,+2.85 (+0.21%)
29/09/2021,1339.21,1338.8,1340.9,1328.17,559164300,-0.10 (-0.01%)
28/09/2021,1339.31,1319.53,1341.81,1316.41,584057900,+14.32 (+1.08%)
27/09/2021,1324.99,1353.39,1354.38,1324.99,720860100,-26.18 (-1.94%)
24/09/2021,1351.17,1354.84,1356.97,1348.07,627564000,-1.59 (-0.12%)
23/09/2021,1352.76,1357.65,1361.09,1350.43,961252500,+2.08 (+0.15%)
22/09/2021,1350.68,1343.89,1350.71,1336.63,727734800,+10.84 (+0.81%)
21/09/2021,1339.84,1335.96,1346.32,1324.82,816979400,-10.64 (-0.79%)
20/09/2021,1350.48,1361.12,1365.92,1349.18,852479800,-2.16 (-0.16%)
17/09/2021,1352.64,1347.66,1356.45,1347.13,813151300,+6.77 (+0.50%)
16/09/2021,1345.87,1351.85,1353.12,1341.23,570520600,+0.04 (+0.00%)
15/09/2021,1345.83,1338.11,1347.7,1334.97,645625800,+6.13 (+0.46%)
14/09/2021,1339.7,1343.38,1349.13,1336.84,692214900,-1.73 (-0.13%)
13/09/2021,1341.43,1348.07,1350.69,1340.5,744228400,-3.88 (-0.29%)
10/09/2021,1345.31,1348.74,1350.43,1345.07,559050700,+1.33 (+0.10%)
09/09/2021,1343.98,1333.62,1345.59,1332.67,593520900,+10.37 (+0.78%)
08/09/2021,1333.61,1343.92,1344.49,1328.35,596039700,-8.29 (-0.62%)
07/09/2021,1341.9,1349.13,1353.66,1340.32,849578800,-4.49 (-0.33%)
06/09/2021,1346.39,1340.71,1348.36,1339.8,889375400,+11.74 (+0.88%)
01/09/2021,1334.65,1328.78,1338.02,1328.13,679730000,+3.18 (+0.24%)
31/08/2021,1331.47,1332.61,1336.14,1325.69,712344100,+3.33 (+0.25%)
30/08/2021,1328.14,1323.39,1329.62,1318.76,641161300,+14.94 (+1.14%)
27/08/2021,1313.2,1293.98,1313.2,1285.16,658578200,+12.08 (+0.93%)
26/08/2021,1301.12,1313.36,1316.26,1295.77,497853400,-8.43 (-0.64%)
25/08/2021,1309.55,1300.74,1310.16,1291.7,481772400,+10.81 (+0.83%)
24/08/2021,1298.74,1302.9,1307.56,1289.16,648543100,-0.12 (-0.01%)
23/08/2021,1298.86,1322.71,1327.04,1298.86,768105500,-30.57 (-2.30%)
20/08/2021,1329.43,1367.86,1369.39,1317.52,1171621900,-45.42 (-3.30%)
19/08/2021,1374.85,1360.61,1374.85,1352.94,653254900,+13.91 (+1.02%)
18/08/2021,1360.94,1361.24,1370.5,1355.83,641678400,-2.15 (-0.16%)
17/08/2021,1363.09,1377.7,1379.7,1359.11,732378200,-7.87 (-0.57%)
16/08/2021,1370.96,1364.1,1372.33,1361.75,798944800,+13.91 (+1.03%)
13/08/2021,1357.05,1352.56,1357.41,1336.74,718718300,+4.00 (+0.30%)
12/08/2021,1353.05,1356.27,1365.01,1353.05,716513500,-4.74 (-0.35%)
11/08/2021,1357.79,1365.05,1374.03,1357.79,770571200,-4.64 (-0.34%)
10/08/2021,1362.43,1367.99,1370.35,1358.12,677981600,+2.57 (+0.19%)
09/08/2021,1359.86,1337.78,1361.12,1334.69,636278900,+18.41 (+1.37%)
06/08/2021,1341.45,1348.24,1351.85,1341.45,682081800,-4.10 (-0.30%)
05/08/2021,1345.55,1331.14,1346.62,1326.8,590429600,+10.81 (+0.81%)
04/08/2021,1334.74,1337.72,1340.76,1328.4,626287700,+2.30 (+0.17%)
03/08/2021,1332.44,1316.15,1332.44,1315.57,617967000,+18.22 (+1.39%)
02/08/2021,1314.22,1308.69,1322.35,1304.49,586763000,+4.17 (+0.32%)
30/07/2021,1310.05,1298.01,1311.97,1296.95,618748500,+16.45 (+1.27%)
29/07/2021,1293.6,1286.33,1293.6,1282.88,445516100,+16.53 (+1.29%)
28/07/2021,1277.07,1273.48,1281.17,1271.78,361912000,+0.14 (+0.01%)
27/07/2021,1276.93,1283.67,1288.35,1276.53,519931600,+4.22 (+0.33%)
26/07/2021,1272.71,1262.74,1277.33,1254.57,461081000,+3.88 (+0.31%)
23/07/2021,1268.83,1288.83,1295.63,1268.83,550861800,-24.84 (-1.92%)
22/07/2021,1293.67,1270.7,1294.16,1266.54,493258000,+22.88 (+1.80%)
21/07/2021,1270.79,1277.27,1284.33,1266.71,395114300,-2.50 (-0.20%)
20/07/2021,1273.29,1245.96,1273.29,1225.52,538794200,+29.78 (+2.39%)
19/07/2021,1243.51,1269.06,1276.55,1237.79,675617000,-55.80 (-4.29%)
16/07/2021,1299.31,1298.38,1304.37,1296.06,415120500,+5.39 (+0.42%)
15/07/2021,1293.92,1270.77,1299.18,1270.77,419138600,+14.01 (+1.09%)
14/07/2021,1279.91,1297.41,1305.37,1264.68,547973900,-17.63 (-1.36%)
13/07/2021,1297.54,1305.36,1307.73,1278.3,500178900,+1.24 (+0.10%)
12/07/2021,1296.3,1338.11,1340.65,1270.06,912737200,-50.84 (-3.77%)
09/07/2021,1347.14,1365.28,1373.51,1335.9,713991100,-27.54 (-2.00%)
08/07/2021,1374.68,1381.11,1385.75,1363.92,528832600,-13.87 (-1.00%)
07/07/2021,1388.55,1361.76,1388.55,1334.58,733801300,+33.76 (+2.49%)
06/07/2021,1354.79,1411.13,1418.99,1354.79,773512600,-56.34 (-3.99%)
05/07/2021,1411.13,1420.27,1421.52,1394.12,774451500,-9.14 (-0.64%)
02/07/2021,1420.27,1422.89,1424.28,1415.82,653610300,+3.19 (+0.23%)
01/07/2021,1417.08,1412.15,1417.27,1402.18,699282500,+8.53 (+0.61%)
30/06/2021,1408.55,1410.83,1419.61,1408.18,532318900,-1.49 (-0.11%)
29/06/2021,1410.04,1408.34,1416.34,1406.87,609604200,+4.23 (+0.30%)
28/06/2021,1405.81,1397.96,1406.02,1390.56,654617700,+15.69 (+1.13%)
25/06/2021,1390.12,1382.11,1390.12,1372.8,518602200,+10.40 (+0.75%)
24/06/2021,1379.72,1380.07,1384.71,1372.99,538103500,+2.85 (+0.21%)
23/06/2021,1376.87,1383.15,1388.33,1372.06,644736300,-3.10 (-0.22%)
22/06/2021,1379.97,1380.84,1385.98,1375,694747200,+7.34 (+0.53%)
21/06/2021,1372.63,1373.59,1381.74,1367.85,731280000,-5.14 (-0.37%)
18/06/2021,1377.77,1366.19,1377.77,1363.52,750587000,+17.85 (+1.31%)
17/06/2021,1359.92,1341.06,1364.55,1337.49,712336800,+3.40 (+0.25%)
16/06/2021,1356.52,1363.85,1370.14,1350.73,740320300,-10.84 (-0.79%)
15/06/2021,1367.36,1361.58,1372.72,1356.59,706567000,+5.64 (+0.41%)
14/06/2021,1361.72,1352.73,1368.53,1352.73,715610800,+9.98 (+0.74%)
11/06/2021,1351.74,1326.79,1352.47,1322.08,705032900,+28.16 (+2.13%)
10/06/2021,1323.58,1331.26,1336.71,1317.49,674214800,-9.32 (-0.70%)
09/06/2021,1332.9,1323.52,1339.14,1312.08,769829300,+13.02 (+0.99%)
08/06/2021,1319.88,1355.36,1364.48,1318.11,874573200,-38.90 (-2.86%)
07/06/2021,1358.78,1374.59,1375.74,1347.21,840122900,-15.27 (-1.11%)
04/06/2021,1374.05,1367.06,1374.05,1360.42,887731100,+9.77 (+0.72%)
03/06/2021,1364.28,1345.21,1366,1345.21,856882400,+23.50 (+1.75%)
02/06/2021,1340.78,1330.99,1344.98,1330.82,755624100,+3.00 (+0.22%)
01/06/2021,1337.78,1329.47,1346.34,1328.84,600477200,+9.73 (+0.73%)
31/05/2021,1328.05,1326.65,1328.05,1307.56,700319900,+7.59 (+0.57%)
28/05/2021,1320.46,1307.79,1323.09,1300.06,722285600,+16.89 (+1.30%)
27/05/2021,1303.57,1318.42,1319.67,1299.99,685085600,-13.13 (-1.00%)
26/05/2021,1316.7,1308.04,1317.3,1304.68,676236800,+8.12 (+0.62%)
25/05/2021,1308.58,1299.19,1308.58,1297.23,639370500,+10.60 (+0.82%)
24/05/2021,1297.98,1287.5,1299.83,1287.36,670713100,+14.05 (+1.09%)
21/05/2021,1283.93,1272.84,1289.03,1268.46,654126800,+5.71 (+0.45%)
20/05/2021,1278.22,1264.62,1278.22,1255.78,706187900,+15.73 (+1.25%)
19/05/2021,1262.49,1254.78,1262.71,1250.58,650916500,+9.81 (+0.78%)
18/05/2021,1252.68,1259.57,1262.22,1249.02,661244600,-6.02 (-0.48%)
17/05/2021,1258.7,1272.55,1277.83,1258.5,705839600,-7.66 (-0.60%)
14/05/2021,1266.36,1266.43,1271.45,1259.97,679016500,+4.37 (+0.35%)
13/05/2021,1261.99,1262.98,1273.49,1261.99,680368500,-7.10 (-0.56%)
12/05/2021,1269.09,1251.97,1269.09,1249.18,664157900,+13.05 (+1.04%)
11/05/2021,1256.04,1265.11,1272.55,1256.04,709535700,-3.54 (-0.28%)
10/05/2021,1259.58,1239.96,1259.58,1236.85,732066300,+17.77 (+1.43%)
07/05/2021,1241.81,1245.48,1250.5,1231.92,745215600,-8.76 (-0.70%)
06/05/2021,1250.57,1255.42,1261.49,1246.64,672398700,-5.86 (-0.47%)
05/05/2021,1256.43,1244.69,1265.93,1244.69,685433600,+14.23 (+1.15%)
04/05/2021,1242.2,1222.08,1242.8,1212.56,712632600,+2.81 (+0.23%)
29/04/2021,1239.39,1234.91,1239.39,1231.25,614232800,+9.84 (+0.80%)
28/04/2021,1229.55,1220.26,1230.91,1217.49,589498400,+9.80 (+0.80%)
27/04/2021,1219.75,1213.84,1220.96,1204.14,544650900,+3.98 (+0.33%)
26/04/2021,1215.77,1251.25,1251.25,1214.14,685386500,-32.76 (-2.62%)
23/04/2021,1248.53,1227.18,1248.53,1216.15,684222800,+20.71 (+1.69%)
22/04/2021,1227.82,1264.31,1271.98,1227.82,732254600,-40.46 (-3.19%)
20/04/2021,1268.28,1267.74,1286.32,1261.28,798483500,+7.70 (+0.61%)
19/04/2021,1260.58,1243.58,1260.58,1233.77,773047000,+21.87 (+1.77%)
16/04/2021,1238.71,1245.06,1254.61,1227.14,948989400,-8.54 (-0.68%)
15/04/2021,1247.25,1262.25,1265.87,1247.25,771443700,-8.62 (-0.69%)
14/04/2021,1255.87,1240.9,1255.87,1233.01,813503500,+7.54 (+0.60%)
13/04/2021,1248.33,1262.44,1268.02,1247.66,977605500,-4.12 (-0.33%)
12/04/2021,1252.45,1236.79,1252.45,1232.35,857647000,+20.79 (+1.69%)
09/04/2021,1231.66,1231.51,1234.98,1227.6,655839000,-3.23 (-0.26%)
08/04/2021,1234.89,1246.4,1246.4,1232.26,633566500,-7.49 (-0.60%)
07/04/2021,1242.38,1237.39,1242.38,1232.52,676166500,+2.42 (+0.20%)
06/04/2021,1239.96,1233.37,1244.63,1231.14,656481800,+3.91 (+0.32%)
05/04/2021,1236.05,1245.28,1245.28,1228.18,635303500,+11.60 (+0.95%)
02/04/2021,1224.45,1225.76,1228.29,1221.07,608762900,+8.35 (+0.69%)
01/04/2021,1216.1,1194.59,1217.26,1192.83,637059200,+24.66 (+2.07%)
31/03/2021,1191.44,1187.44,1196.45,1186.4,670504300,+5.08 (+0.43%)
30/03/2021,1186.36,1179.64,1187.29,1172.85,707543000,+10.68 (+0.91%)
29/03/2021,1175.68,1169.65,1175.77,1165.78,592790900,+13.47 (+1.16%)
26/03/2021,1162.21,1162.71,1165.76,1137.9,630516500,-0.89 (-0.08%)
25/03/2021,1163.1,1164.41,1170.76,1154.44,613916000,+1.29 (+0.11%)
24/03/2021,1161.81,1169.42,1174.2,1154.22,649741100,-21.64 (-1.83%)
23/03/2021,1183.45,1190.28,1191.47,1177.1,643583000,-10.98 (-0.92%)
22/03/2021,1194.43,1200.05,1200.21,1189.31,626610700,+0.38 (+0.03%)
19/03/2021,1194.05,1195.47,1199.67,1191.96,600925800,-6.89 (-0.57%)
18/03/2021,1200.94,1196.6,1200.94,1191.94,570101600,+14.85 (+1.25%)
17/03/2021,1186.09,1178.64,1186.09,1176.26,648766800,+6.19 (+0.52%)
16/03/2021,1179.9,1184.91,1184.91,1171.76,629617900,-4.66 (-0.39%)
15/03/2021,1184.56,1183.89,1186.06,1178.8,634609700,+3.00 (+0.25%)
12/03/2021,1181.56,1185.21,1186.52,1178.14,595631800,-0.17 (-0.01%)
11/03/2021,1181.73,1180.31,1183.73,1176.49,586252400,+11.65 (+1.00%)
10/03/2021,1170.08,1163.86,1170.59,1154.89,569498400,+8.11 (+0.70%)
09/03/2021,1161.97,1160.96,1166.42,1150.94,613096200,-6.30 (-0.54%)
08/03/2021,1168.27,1180.33,1181.25,1164.02,627495500,-0.42 (-0.04%)
05/03/2021,1168.69,1164.19,1169.56,1155.6,568265900,+0.17 (+0.01%)
04/03/2021,1168.52,1191.78,1191.9,1159.48,629649100,-18.43 (-1.55%)
03/03/2021,1186.95,1184.73,1189.18,1180.25,584537200,+0.34 (+0.03%)
02/03/2021,1186.61,1196.16,1196.16,1181.99,533302200,+0.44 (+0.04%)
01/03/2021,1186.17,1176.93,1186.82,1174.45,593011800,+17.70 (+1.51%)
26/02/2021,1168.47,1148.88,1169.28,1148.88,528150000,+3.04 (+0.26%)
25/02/2021,1165.43,1169.97,1169.97,1155.74,493051100,+3.42 (+0.29%)
24/02/2021,1162.01,1184.32,1185.58,1154.36,572631700,-15.63 (-1.33%)
23/02/2021,1177.64,1174.57,1184.32,1168.32,571704900,+2.60 (+0.22%)
22/02/2021,1175.04,1173.57,1182.67,1169.12,571176900,+1.54 (+0.13%)
19/02/2021,1173.5,1160.65,1178.18,1157.6,547575400,-0.88 (-0.07%)
18/02/2021,1174.38,1157.1,1174.38,1148.66,585040700,+18.60 (+1.61%)
17/02/2021,1155.78,1127.46,1155.78,1127.46,510971700,+40.85 (+3.66%)
09/02/2021,1114.93,1090.88,1114.93,1078.98,490182000,+31.75 (+2.93%)
08/02/2021,1083.18,1127.06,1127.06,1075.1,635387600,-43.73 (-3.88%)
05/02/2021,1126.91,1114.79,1126.91,1112.19,458710000,+14.72 (+1.32%)
04/02/2021,1112.19,1112.97,1117.88,1098.85,471356200,+0.90 (+0.08%)
03/02/2021,1111.29,1084.87,1113.24,1082.95,635966100,+35.76 (+3.32%)
02/02/2021,1075.53,1036.95,1075.53,1029.36,554905500,+40.02 (+3.86%)
01/02/2021,1035.51,1062.13,1074.52,1035.51,588446500,-21.10 (-2.00%)
29/01/2021,1056.61,998.33,1076.11,998.33,743995900,+32.67 (+3.19%)
28/01/2021,1023.94,1041.71,1052.16,1022.77,698605600,-73.23 (-6.67%)
27/01/2021,1097.17,1122.41,1132.99,1088.86,745071300,-38.95 (-3.43%)
26/01/2021,1136.12,1164.97,1164.97,1121.03,743159100,-29.93 (-2.57%)
25/01/2021,1166.05,1164.2,1172.18,1162.8,665737500,-0.73 (-0.06%)
22/01/2021,1166.78,1166.77,1175.72,1161.43,716238000,+2.57 (+0.22%)
21/01/2021,1164.21,1146.86,1164.21,1132.66,666008100,+29.53 (+2.60%)
20/01/2021,1134.68,1136.5,1142.48,1098.05,802789200,+3.68 (+0.33%)
19/01/2021,1131,1189.91,1189.91,1117.17,923105700,-60.94 (-5.11%)
18/01/2021,1191.94,1198.79,1200.85,1190.33,711741000,-2.26 (-0.19%)
15/01/2021,1194.2,1188.84,1197.74,1188.84,746215900,+6.80 (+0.57%)
14/01/2021,1187.4,1189.48,1190.5,1178.84,737417900,+1.35 (+0.11%)
13/01/2021,1186.05,1197.32,1200.82,1183.18,747161400,-6.23 (-0.52%)
12/01/2021,1192.28,1190.38,1192.28,1179.24,683329700,+7.39 (+0.62%)
11/01/2021,1184.89,1176.47,1186.45,1175,776321700,+17.20 (+1.47%)
08/01/2021,1167.69,1164.1,1176.33,1160.48,763095900,+11.20 (+0.97%)
07/01/2021,1156.49,1147.26,1156.49,1143.44,719527100,+13.28 (+1.16%)
06/01/2021,1143.21,1139.12,1152.85,1133.7,725414800,+10.66 (+0.94%)
05/01/2021,1132.55,1116.96,1134.45,1116.49,710226500,+12.08 (+1.08%)
04/01/2021,1120.47,1113.77,1126.43,1113.59,709701600,+16.60 (+1.50%)
31/12/2020,1103.87,1098.25,1105.33,1096.27,500978800,+6.33 (+0.58%)
30/12/2020,1097.54,1099.78,1108.83,1094.91,619802880,-1.95 (-0.18%)
29/12/2020,1099.49,1090.49,1102.79,1087.93,618010510,+8.16 (+0.75%)
28/12/2020,1091.33,1094.37,1096.11,1083.9,663869090,+6.91 (+0.64%)
25/12/2020,1084.42,1068.83,1084.42,1061.83,592212900,+16.90 (+1.58%)
24/12/2020,1067.52,1083.83,1084.76,1046.89,686557640,-11.38 (-1.05%)
23/12/2020,1078.9,1087.89,1094.09,1077.92,742856110,-4.55 (-0.42%)
22/12/2020,1083.45,1081.85,1084.23,1077.06,695860800,+2.37 (+0.22%)
21/12/2020,1081.08,1071.62,1081.6,1070.86,660479750,+13.62 (+1.28%)
18/12/2020,1067.46,1055.75,1068.56,1055.75,560068250,+15.69 (+1.49%)
17/12/2020,1051.77,1065.85,1065.85,1051.42,634682600,-15.22 (-1.43%)
16/12/2020,1066.99,1058.34,1066.99,1057.21,556546890,+11.72 (+1.11%)
15/12/2020,1055.27,1062.02,1067.45,1052.01,621133560,-8.82 (-0.83%)
14/12/2020,1064.09,1048.97,1064.09,1048.97,506310660,+18.13 (+1.73%)
11/12/2020,1045.96,1033.19,1045.96,1030.06,413852370,+15.05 (+1.46%)
10/12/2020,1030.91,1041.65,1044.1,1030.91,566339280,-8.22 (-0.79%)
09/12/2020,1039.13,1031.19,1039.55,1030.24,554755640,+9.87 (+0.96%)
08/12/2020,1029.26,1030.88,1032.58,1025.63,501250780,-0.72 (-0.07%)
07/12/2020,1029.98,1024.34,1030.41,1022.14,473554480,+8.49 (+0.83%)
04/12/2020,1021.49,1020.49,1025.17,1018.67,527019060,+1.69 (+0.17%)
03/12/2020,1019.8,1016.73,1020.35,1014.06,496771120,+5.48 (+0.54%)
02/12/2020,1014.32,1008.77,1015.86,1007.91,484658120,+5.45 (+0.54%)
01/12/2020,1008.87,988.71,1008.87,988.71,536207660,+5.79 (+0.58%)
30/11/2020,1003.08,1011.82,1012.5,1002.61,450045450,-7.14 (-0.71%)
27/11/2020,1010.22,1006.68,1010.22,1004,381723340,+4.25 (+0.42%)
26/11/2020,1005.97,999.24,1005.97,994.91,411338400,+6.03 (+0.60%)
25/11/2020,999.94,1000.39,1002.31,996.8,445346780,+4.18 (+0.42%)
24/11/2020,995.76,996.55,997.99,984.92,511566140,+1.57 (+0.16%)
23/11/2020,994.19,991.87,995.9,985.38,450110750,+4.19 (+0.42%)
20/11/2020,990,984.71,990,980.72,471526920,+6.74 (+0.69%)
19/11/2020,983.26,975.32,983.26,974.33,473474550,+9.73 (+1.00%)
18/11/2020,973.53,969.48,974.3,966.32,446206150,+4.63 (+0.48%)
17/11/2020,968.9,955.52,968.9,953.22,371415910,+18.11 (+1.90%)
16/11/2020,950.79,970.11,972.98,950.5,484179810,-15.50 (-1.60%)
13/11/2020,966.29,959.56,966.29,959.13,419678370,+7.01 (+0.73%)
12/11/2020,959.28,953.97,959.28,953.62,320081130,+7.06 (+0.74%)
11/11/2020,952.22,954.46,956.65,947.61,353735780,+0.32 (+0.03%)
10/11/2020,951.9,962.68,963.47,951.9,422041040,-0.09 (-0.01%)
09/11/2020,951.99,942.15,951.99,942.15,369592050,+13.70 (+1.46%)
06/11/2020,938.29,939.73,941.2,934.63,249258850,+0.54 (+0.06%)
05/11/2020,937.75,940.32,945.51,937.75,270446750,-2.01 (-0.21%)
04/11/2020,939.76,937.62,943.56,933.86,327410490,+4.35 (+0.47%)
03/11/2020,935.41,936.73,937.57,932.18,302847830,+1.73 (+0.19%)
02/11/2020,933.68,926.09,933.68,924.14,273082480,+8.21 (+0.89%)
30/10/2020,925.47,925.41,926.32,911.2,297619160,+6.39 (+0.70%)
29/10/2020,919.08,916.49,925.84,914.33,355910070,-1.97 (-0.21%)
28/10/2020,921.05,942.82,946.91,921.05,433068340,-25.42 (-2.69%)
27/10/2020,946.47,952.61,954.72,946.28,414913610,-4.33 (-0.46%)
26/10/2020,950.8,967.52,970.15,950.8,404773940,-10.46 (-1.09%)
23/10/2020,961.26,953.45,961.26,953.14,392430900,+11.36 (+1.20%)
22/10/2020,949.9,938.06,949.9,933.78,316297780,+10.87 (+1.16%)
21/10/2020,939.03,947.16,948.2,939,372347380,-5.39 (-0.57%)
20/10/2020,944.42,941,944.54,937.32,385659020,+0.73 (+0.08%)
19/10/2020,943.69,945.01,946.29,941.92,353154450,+0.39 (+0.04%)
16/10/2020,943.3,944.03,946.23,935.98,395580380,+0.54 (+0.06%)
15/10/2020,942.76,945.28,945.93,938.7,439631740,+2.58 (+0.27%)
14/10/2020,940.18,931.89,940.18,931.89,386750560,+10.32 (+1.11%)
13/10/2020,929.86,926.76,930.96,923.78,322972210,+4.03 (+0.44%)
12/10/2020,925.83,930.78,933.13,923.28,414162820,+1.83 (+0.20%)
09/10/2020,924,919.48,924,917.7,343796560,+5.16 (+0.56%)
08/10/2020,918.84,922.08,922.08,913.89,446311540,-0.88 (-0.10%)
07/10/2020,919.72,913.62,923.57,912.69,496266530,+4.05 (+0.44%)
06/10/2020,915.67,918.11,918.93,912.77,472545310,+0.99 (+0.11%)
05/10/2020,914.68,913.77,915.55,910.96,420759580,+4.77 (+0.52%)
02/10/2020,909.91,915.62,916.67,897.72,501297560,-4.18 (-0.46%)
01/10/2020,914.09,910.13,914.09,909.13,330218020,+8.88 (+0.98%)
30/09/2020,905.21,904.34,907,900.44,310162690,+1.23 (+0.14%)
29/09/2020,903.98,916.63,917.49,904.69,438172690,-8.52 (-0.93%)
28/09/2020,912.5,911.2,913.6,910.04,378529100,+4.23 (+0.47%)
25/09/2020,908.27,910.78,911.3,905.56,326126870,-0.31 (-0.03%)
24/09/2020,908.58,910.53,914.51,907.32,357987680,-3.92 (-0.43%)
23/09/2020,912.5,908.97,913.52,908.97,324674020,+6.31 (+0.70%)
22/09/2020,906.19,905.9,909.69,902.47,367748340,-1.75 (-0.19%)
21/09/2020,907.94,904.5,909.78,904.5,349431690,+6.99 (+0.78%)
18/09/2020,900.95,896.08,902.11,895.82,303725090,+6.91 (+0.77%)
17/09/2020,894.04,898.11,899.41,890.93,371114920,-3.43 (-0.38%)
16/09/2020,897.47,897.43,897.58,894.63,262872740,+1.21 (+0.14%)
15/09/2020,896.26,896.61,898.74,894.66,343362100,+1.69 (+0.19%)
14/09/2020,894.57,891.89,895.31,891.89,318768720,+5.60 (+0.63%)
11/09/2020,888.97,886.21,890.98,884.67,269585440,+0.15 (+0.02%)
10/09/2020,888.82,895.29,896.78,888.82,283019010,-0.50 (-0.06%)
09/09/2020,889.32,883.68,892.4,881.57,282232270,-0.82 (-0.09%)
08/09/2020,890.14,891.61,894.58,884.88,266880030,+1.89 (+0.21%)
07/09/2020,888.25,903.85,905.8,888.25,382825000,-13.29 (-1.47%)
04/09/2020,901.54,896.02,903.11,893.86,316184660,-2.43 (-0.27%)
03/09/2020,903.97,898.25,904.32,896.26,323223440,+12.24 (+1.37%)
01/09/2020,891.73,882.4,892.51,880.79,285412810,+10.08 (+1.14%)
31/08/2020,881.65,882.13,888.44,879.26,333312960,+2.67 (+0.30%)
28/08/2020,878.98,878.79,885.86,877.7,328738170,+4.27 (+0.49%)
27/08/2020,874.71,872.38,875.71,871.93,279106260,+1.24 (+0.14%)
26/08/2020,873.47,873.62,876.97,871.78,320824630,-0.65 (-0.07%)
25/08/2020,874.12,870.92,877.57,870.92,342448420,+5.44 (+0.63%)
24/08/2020,868.68,860.35,868.68,860.35,345727410,+13.90 (+1.63%)
21/08/2020,854.78,849.99,856.45,849.69,262789870,+6.57 (+0.77%)
20/08/2020,848.21,851.33,856.99,847.44,232011660,-3.00 (-0.35%)
19/08/2020,851.21,847.19,853.15,846.22,214883630,+4.78 (+0.56%)
18/08/2020,846.43,850.27,851.06,845,183415680,-3.72 (-0.44%)
17/08/2020,850.15,848.08,852.05,841.62,215893300,-0.59 (-0.07%)
14/08/2020,850.74,854.29,860.32,848.38,285091480,-4.31 (-0.50%)
13/08/2020,855.05,849.96,855.19,849.86,236129250,+8.13 (+0.96%)
12/08/2020,846.92,844.19,848.54,842.88,238422860,+3.84 (+0.46%)
11/08/2020,843.08,847.61,847.61,840.35,226765520,-0.12 (-0.01%)
10/08/2020,843.2,845.11,849.52,843.2,277423110,+1.74 (+0.21%)
07/08/2020,841.46,840.65,844.33,836.84,230026640,+1.42 (+0.17%)
06/08/2020,840.04,838.01,844.16,833.56,233729360,+2.24 (+0.27%)
05/08/2020,837.8,827.54,839.52,820.74,264841620,+10.23 (+1.24%)
04/08/2020,827.57,822.86,827.57,820.2,251465920,+12.92 (+1.59%)
03/08/2020,814.65,796.86,814.84,796.47,244789940,+16.26 (+2.04%)
31/07/2020,798.39,787.78,803.55,786.98,219670740,-2.74 (-0.34%)
30/07/2020,801.13,796.22,802.97,794.88,163227530,+10.29 (+1.30%)
29/07/2020,790.84,800.39,800.39,779.82,311001410,-22.52 (-2.77%)
28/07/2020,813.36,786.72,814.4,786.67,310645950,+28.19 (+3.59%)
27/07/2020,785.17,794.14,808.74,780.64,374271440,-43.99 (-5.31%)
24/07/2020,829.16,854.23,854.57,816.65,436845540,-27.59 (-3.22%)
23/07/2020,856.75,854.92,857.22,851.97,221114760,+1.67 (+0.20%)
22/07/2020,855.08,862.8,864,854.97,207218280,-6.61 (-0.77%)
21/07/2020,861.69,863.94,864.7,856.94,216046880,+0.29 (+0.03%)
20/07/2020,861.4,870.66,871.64,861.4,256105460,-10.62 (-1.22%)
17/07/2020,872.02,873.48,875.07,871.89,238997770,-4.81 (-0.55%)
16/07/2020,876.83,871.81,876.83,869.25,220943960,+6.92 (+0.80%)
15/07/2020,869.91,872.8,876.69,869.91,223490580,+1.80 (+0.21%)
14/07/2020,868.11,865.01,868.11,860.28,204647390,-0.98 (-0.11%)
13/07/2020,868.72,874.85,876.83,866.99,203912630,-2.49 (-0.29%)
10/07/2020,871.21,873.7,878.53,867.59,254910040,-5.25 (-0.60%)
09/07/2020,876.46,867.66,878.36,867.45,259149310,+11.96 (+1.38%)
08/07/2020,864.5,861.75,865.58,859.98,184014420,+1.08 (+0.13%)
07/07/2020,863.42,865.46,870.63,863.42,284435650,+2.26 (+0.26%)
06/07/2020,861.16,851.47,861.85,850.04,194421760,+13.55 (+1.60%)
03/07/2020,847.61,845.26,848.16,843.25,172688260,+5.23 (+0.62%)
02/07/2020,842.38,845.66,845.66,838.48,190900470,-1.11 (-0.13%)
01/07/2020,843.49,827.67,844.26,826.38,251635370,+18.38 (+2.23%)
30/06/2020,825.11,836.72,840.31,821.92,308543890,-4.25 (-0.51%)
29/06/2020,829.36,846.26,846.53,826,335622750,-22.62 (-2.65%)
26/06/2020,851.98,859.07,862.59,850.66,258644960,-2.61 (-0.31%)
25/06/2020,854.59,851.09,856.23,849.65,285078310,-5.12 (-0.60%)
24/06/2020,859.71,868.56,873.13,857.58,340026770,-8.49 (-0.98%)
23/06/2020,868.2,871.12,873.2,864.02,400635460,-3.08 (-0.35%)
22/06/2020,871.28,871.56,872.94,867.37,330561410,+2.72 (+0.31%)
19/06/2020,868.56,857.77,868.56,857.77,372261840,+13.29 (+1.55%)
18/06/2020,855.27,850.92,858.03,847.49,234958560,+0.83 (+0.10%)
17/06/2020,854.44,861.05,861.05,852.27,311400140,-1.69 (-0.20%)
16/06/2020,856.13,848.86,858.7,844.67,359812660,+23.66 (+2.84%)
15/06/2020,832.47,867.52,868.16,832.47,459911916,-31.05 (-3.60%)
12/06/2020,863.52,841.85,863.52,841.44,544093628,-3.85 (-0.44%)
11/06/2020,867.37,900.48,903.7,867.37,623766555,-32.63 (-3.63%)
10/06/2020,900.68,898.78,902.69,890.3,394416889,+1.25 (+0.14%)
09/06/2020,903.1,902.26,904.89,898.87,311668275,+3.18 (+0.35%)
08/06/2020,899.92,888.7,905.65,888.7,509361980,+13.70 (+1.55%)
05/06/2020,886.22,883.4,886.59,878.5,403215436,+2.32 (+0.26%)
04/06/2020,883.9,883.22,888.32,883.22,357669059,+2.73 (+0.31%)
03/06/2020,881.17,876.73,881.17,874.01,285088708,+6.37 (+0.73%)
02/06/2020,874.8,879.23,882.73,874.53,442308030,-3.87 (-0.44%)
01/06/2020,878.67,868.97,878.67,868.97,418333970,+14.20 (+1.64%)
29/05/2020,864.47,861.59,866.95,859.26,281746500,+3.08 (+0.36%)
28/05/2020,861.39,858.97,866.17,856.48,261439230,+3.91 (+0.46%)
27/05/2020,857.48,873.42,875.35,857.48,354487370,-11.65 (-1.34%)
26/05/2020,869.13,861.47,869.65,860.22,306464080,+10.09 (+1.17%)
25/05/2020,859.04,852.9,860.45,849.12,259643410,+6.30 (+0.74%)
22/05/2020,852.74,859.29,860.65,852.08,265002610,-9.99 (-1.16%)
21/05/2020,862.73,854.93,862.73,854.04,301190730,+9.82 (+1.15%)
20/05/2020,852.91,843.26,852.91,842.21,235672860,+6.99 (+0.83%)
19/05/2020,845.92,852.14,854.25,844.15,293801450,+8.91 (+1.06%)
18/05/2020,837.01,827.49,837.61,823.08,224260950,+9.98 (+1.21%)
15/05/2020,827.03,835.42,838.47,824.59,258289700,-5.37 (-0.65%)
14/05/2020,832.4,830.97,836.19,826.17,273950180,-1.81 (-0.22%)
13/05/2020,834.21,829.83,839.59,815.13,338667310,-1.11 (-0.13%)
12/05/2020,835.32,827.29,835.95,819.66,290069940,+6.99 (+0.84%)
11/05/2020,828.33,818.26,828.33,812.48,268927930,+14.60 (+1.79%)
08/05/2020,813.73,800.32,825.72,800.2,340156270,+17.19 (+2.16%)
07/05/2020,796.54,785.08,796.54,785.08,214433830,+13.95 (+1.78%)
06/05/2020,782.59,767.3,782.59,765.37,209914330,+18.43 (+2.41%)
05/05/2020,764.16,763.22,767.03,760.04,168997250,+1.69 (+0.22%)
04/05/2020,762.47,766.14,769.73,761.64,253967720,-6.64 (-0.86%)
29/04/2020,769.11,768.59,772.62,768.19,210867100,+1.90 (+0.25%)
28/04/2020,767.21,773.31,776.13,763.66,197231630,-3.56 (-0.46%)
27/04/2020,770.77,780.65,785.74,770.77,256843490,-5.89 (-0.76%)
24/04/2020,776.66,777.28,778.3,767.31,226072090,+2.75 (+0.36%)
23/04/2020,773.91,784.14,785.6,771.88,189393000,+4.99 (+0.65%)
22/04/2020,768.92,752.8,774.94,749.97,223471930,+2.08 (+0.27%)
21/04/2020,766.84,784.4,789.37,761.96,368523950,-28.13 (-3.54%)
20/04/2020,794.97,796.17,797.49,786.73,304592700,+5.37 (+0.68%)
17/04/2020,789.6,786.96,790.95,783.74,268469130,+8.90 (+1.14%)
16/04/2020,780.7,773.11,781.06,770.91,217009350,+3.48 (+0.45%)
15/04/2020,777.22,768.05,779.52,768.01,255468260,+9.81 (+1.28%)
14/04/2020,767.41,769.01,769.53,753.85,229143390,+1.62 (+0.21%)
13/04/2020,765.79,762.99,774.62,762.53,200195470,+7.85 (+1.04%)
10/04/2020,757.94,759.08,764.36,751.59,295263430,-2.39 (-0.31%)
09/04/2020,760.33,751.08,765.87,751.08,271131720,+12.31 (+1.65%)
08/04/2020,748.02,740.03,748.36,730.12,203416250,+1.33 (+0.18%)
07/04/2020,746.69,744.97,749.13,730.28,276556810,+9.94 (+1.35%)
06/04/2020,736.75,716.22,736.75,715.39,304964360,+34.95 (+4.98%)
03/04/2020,701.8,687.92,701.8,687.92,197918250,+21.57 (+3.17%)
01/04/2020,680.23,658.8,684.96,657.41,203313080,+17.70 (+2.67%)
31/03/2020,662.53,669.74,678.64,649.1,227893260,+0.27 (+0.04%)
30/03/2020,662.26,663.91,665.56,657.36,194282800,-33.80 (-4.86%)
27/03/2020,696.06,692.54,703.22,682.52,212339560,+1.85 (+0.27%)
26/03/2020,694.21,689,700.76,680.1,171216480,+3.96 (+0.57%)
25/03/2020,690.25,669.76,690.25,667.58,209923920,+31.04 (+4.71%)
24/03/2020,659.21,655.49,666.28,652.27,212661260,-7.38 (-1.11%)
23/03/2020,666.59,694.77,694.77,664.23,223310850,-43.14 (-6.08%)
20/03/2020,709.73,728.55,729.35,709.73,197474500,-16.21 (-2.23%)
19/03/2020,725.94,732.35,733.43,714.02,308921920,-21.72 (-2.91%)
18/03/2020,747.66,747.4,752.65,742.12,205460100,+1.88 (+0.25%)
17/03/2020,745.78,724.07,750.03,721.84,202420360,-2.08 (-0.28%)
16/03/2020,747.86,758.28,758.59,737.58,222784370,-13.92 (-1.83%)
13/03/2020,761.78,750.56,764.69,723.42,289011560,-7.47 (-0.97%)
12/03/2020,769.25,778.06,778.06,762.12,311344630,-42.10 (-5.19%)
11/03/2020,811.35,843.52,844.94,794.54,278303370,-26.15 (-3.12%)
10/03/2020,837.5,813.83,843.28,806.63,242825240,+2.01 (+0.24%)
09/03/2020,835.49,875.8,875.8,834.67,273180820,-55.95 (-6.28%)
06/03/2020,891.44,888.96,891.44,882.71,175600680,-1.87 (-0.21%)
05/03/2020,893.31,892.71,898.43,891.2,209158850,+3.94 (+0.44%)
04/03/2020,889.37,887.85,889.85,882.83,195439390,-1.24 (-0.14%)
03/03/2020,890.61,895.39,896.39,890.06,176373200,+6.18 (+0.70%)
02/03/2020,884.43,878.43,886.45,877.31,173927240,+2.24 (+0.25%)
28/02/2020,882.19,885.47,887.07,872.46,184315860,-16.25 (-1.81%)
27/02/2020,898.44,892.15,899.34,889.14,135468580,+2.47 (+0.28%)
26/02/2020,895.97,901.51,903.27,894.25,131173700,-13.70 (-1.51%)
25/02/2020,909.67,893.95,909.67,893.95,186008510,+6.33 (+0.70%)
24/02/2020,903.34,917.49,917.49,903.34,255965410,-29.75 (-3.19%)
21/02/2020,933.09,937.13,940.53,932.32,179503790,-5.04 (-0.54%)
20/02/2020,938.13,933.69,938.13,930.41,183636850,+9.37 (+1.01%)
19/02/2020,928.76,926.41,931.66,925.86,161801070,+0.83 (+0.09%)
18/02/2020,927.93,934.47,934.98,926.01,164327840,-6.84 (-0.73%)
17/02/2020,934.77,938.52,938.52,931.66,149349950,-2.68 (-0.29%)
14/02/2020,937.45,939.28,940.65,936.47,172195600,-0.79 (-0.08%)
13/02/2020,938.24,937.19,939.1,934.47,163399728,+0.56 (+0.06%)
12/02/2020,937.68,940.72,943.11,937.34,187439280,+3.01 (+0.32%)
11/02/2020,934.67,931.55,936.04,931.55,159265510,+3.94 (+0.42%)
10/02/2020,930.73,934.38,935.87,926.61,129573270,-10.02 (-1.07%)
07/02/2020,940.75,938.61,943.48,935.94,165020480,+2.21 (+0.24%)
06/02/2020,938.54,926.66,938.54,925.21,206129040,+12.63 (+1.36%)
05/02/2020,925.91,934.75,936.33,921.89,163682070,-3.18 (-0.34%)
04/02/2020,929.09,929.42,934.91,919.33,178000400,+0.95 (+0.10%)
03/02/2020,928.14,916.6,930.37,891.85,246408370,-8.48 (-0.91%)
31/01/2020,936.62,955.56,960.96,936.62,210630210,-22.96 (-2.39%)
30/01/2020,959.58,975.15,977.72,954,181385230,-31.88 (-3.22%)
22/01/2020,991.46,986.52,991.46,983.92,128966880,+5.09 (+0.52%)
21/01/2020,986.37,978.82,986.37,978.82,128887950,+7.74 (+0.79%)
20/01/2020,978.63,978.23,979.85,975.93,102398830,-0.33 (-0.03%)
17/01/2020,978.96,976.28,980.02,973.79,117216890,+4.65 (+0.48%)
16/01/2020,974.31,967.2,974.7,967.17,146756870,+6.75 (+0.70%)
15/01/2020,967.56,967.69,967.69,964.84,112470420,+0.56 (+0.06%)
14/01/2020,967,966.26,968.85,965.76,127784380,+1.16 (+0.12%)
13/01/2020,965.84,966.89,968.63,964.79,117952020,-2.70 (-0.28%)
10/01/2020,968.54,961.17,969.71,961.17,163058830,+8.39 (+0.87%)
09/01/2020,960.15,953.86,960.73,952.16,132773820,+11.17 (+1.18%)
08/01/2020,948.98,954.13,955.84,945.28,179374340,-9.90 (-1.03%)
07/01/2020,958.88,955.39,959.46,953.19,130272030,+3.09 (+0.32%)
06/01/2020,955.79,962.79,963.2,955.59,140978550,-9.35 (-0.97%)
03/01/2020,965.14,968.72,970.88,965.14,149202550,-1.53 (-0.16%)
02/01/2020,966.67,960.26,966.67,959.67,131523160,+5.68 (+0.59%)
31/12/2019,960.99,965.71,965.71,958.22,144441990,-4.04 (-0.42%)
30/12/2019,965.03,962.89,967.52,962.47,147816130,+1.52 (+0.16%)
27/12/2019,963.51,957.7,963.51,954.19,126605420,+4.92 (+0.51%)
26/12/2019,958.59,960.67,962.11,957.43,160431180,-2.33 (-0.24%)
25/12/2019,960.92,958.18,962.83,957.5,195453740,+2.04 (+0.21%)
24/12/2019,958.88,958.73,959.09,953.29,173207590,-0.55 (-0.06%)
23/12/2019,959.43,959.55,960.71,958.07,190141650,+3.02 (+0.32%)
20/12/2019,956.41,953.55,957.52,952.71,183446480,+4.15 (+0.44%)
19/12/2019,952.26,950.61,955.85,946.74,178790140,+1.13 (+0.12%)
18/12/2019,951.13,951.52,954.18,949.86,183063780,-2.90 (-0.30%)
17/12/2019,954.03,962.49,962.79,954.03,239321700,-7.44 (-0.77%)
16/12/2019,961.47,966,966,960.39,202440060,-4.71 (-0.49%)
13/12/2019,966.18,969.43,971.84,965.93,172536910,-1.99 (-0.21%)
12/12/2019,968.17,963.39,968.39,962.72,154590800,+6.39 (+0.66%)
11/12/2019,961.78,960.59,961.78,954.56,158554160,+1.48 (+0.15%)
10/12/2019,960.3,965.92,966.58,955.14,170738810,-5.76 (-0.60%)
09/12/2019,966.06,963.91,967.57,962.59,183348640,+2.50 (+0.26%)
06/12/2019,963.56,962.38,965.41,960.99,139312750,+0.29 (+0.03%)
05/12/2019,963.27,969,969.53,962.16,159548260,-2.63 (-0.27%)
04/12/2019,965.9,952.51,965.9,950.13,162142410,+12.47 (+1.31%)
03/12/2019,953.43,957.4,960.82,950.96,176408390,-5.88 (-0.61%)
02/12/2019,959.31,971.42,972.91,958.3,180421680,-11.44 (-1.18%)
29/11/2019,970.75,971.1,972.89,968.03,138896550,+0.36 (+0.04%)
28/11/2019,970.39,977.66,979.17,967.68,154471660,-7.78 (-0.80%)
27/11/2019,978.17,978.98,982.76,978.17,157478720,+1.38 (+0.14%)
26/11/2019,976.79,980.57,981.96,976.79,148016090,+0.44 (+0.05%)
25/11/2019,976.35,977.85,979.6,971.24,148285630,-1.43 (-0.15%)
22/11/2019,977.78,992.73,993.7,971.03,196749440,-10.11 (-1.02%)
21/11/2019,987.89,999.37,999.63,987.89,171731790,-12.67 (-1.27%)
20/11/2019,1000.56,1009.21,1009.21,1000.56,182924030,-7.79 (-0.77%)
19/11/2019,1008.35,1002.89,1008.35,1001.35,158028030,+5.44 (+0.54%)
18/11/2019,1002.91,1010.83,1012.09,1002.63,165225780,-7.12 (-0.70%)
15/11/2019,1010.03,1012.93,1015.16,1005.1,180804630,-2.27 (-0.22%)
14/11/2019,1012.3,1013.85,1016.71,1010.6,192687960,-0.47 (-0.05%)
13/11/2019,1012.77,1019.07,1020.09,1010.8,182266340,-5.56 (-0.55%)
12/11/2019,1018.33,1016.97,1021.84,1015.97,180969830,+1.58 (+0.16%)
11/11/2019,1016.75,1023.32,1024.77,1016.35,170775110,-5.74 (-0.56%)
08/11/2019,1022.49,1026.98,1027.39,1021.11,157942420,-1.54 (-0.15%)
07/11/2019,1024.03,1023.49,1028.45,1022.61,166863590,-0.88 (-0.09%)
06/11/2019,1024.91,1023.43,1028.97,1023.42,183325470,+0.57 (+0.06%)
05/11/2019,1024.34,1022.77,1026.53,1021.63,172233290,+1.91 (+0.19%)
04/11/2019,1022.43,1019,1023.92,1015.86,208479560,+6.84 (+0.67%)
01/11/2019,1015.59,999.92,1015.88,999.92,200048280,+16.77 (+1.68%)
31/10/2019,998.82,1002.67,1004.4,998.58,189105090,-2.07 (-0.21%)
30/10/2019,1000.89,996.83,1003.4,994.86,160171570,+5.02 (+0.50%)
29/10/2019,995.87,997.77,999.88,995.87,177823330,-0.61 (-0.06%)
28/10/2019,996.48,998.27,999.94,996.48,149945220,-0.09 (-0.01%)
25/10/2019,996.57,993.91,996.67,992.91,136700300,+2.97 (+0.30%)
24/10/2019,993.6,988.85,993.6,987.65,141378830,+5.81 (+0.59%)
23/10/2019,987.79,987.04,989.61,985.52,154015230,+0.60 (+0.06%)
22/10/2019,987.19,983.52,987.59,983.52,200609660,+3.63 (+0.37%)
21/10/2019,983.56,988.18,988.82,983.56,162867090,-5.64 (-0.57%)
18/10/2019,989.2,992,993.03,988.41,153487520,-0.62 (-0.06%)
17/10/2019,989.82,995.04,995.81,989.82,157134910,-4.64 (-0.47%)
16/10/2019,994.46,995.75,997.41,993.42,157875510,+1.41 (+0.14%)
15/10/2019,993.05,993.55,994.75,990.74,131330520,-0.52 (-0.05%)
14/10/2019,993.57,994.61,997.25,992.5,171969840,+1.73 (+0.17%)
11/10/2019,991.84,988.57,991.84,987.62,140671790,+4.46 (+0.45%)
10/10/2019,987.38,988.81,990.89,986.93,137745810,-0.45 (-0.05%)
09/10/2019,987.83,987.82,992,986.74,143783620,-0.39 (-0.04%)
08/10/2019,988.22,983.62,988.51,981.89,153446780,+5.13 (+0.52%)
07/10/2019,983.09,989.45,990.34,983.09,150412170,-4.50 (-0.46%)
04/10/2019,987.59,993.69,994.81,987.59,153634840,-4.86 (-0.49%)
03/10/2019,992.45,985.65,992.45,983.35,156298020,+1.26 (+0.13%)
02/10/2019,991.19,999.18,1000.93,989.63,155632190,-8.40 (-0.84%)
01/10/2019,999.59,997.87,999.72,996.2,141547280,+3.03 (+0.30%)
30/09/2019,996.56,999.92,1004.17,996.51,157737220,-1.28 (-0.13%)
27/09/2019,997.84,992.26,998.34,991.5,152087820,+7.09 (+0.72%)
26/09/2019,990.75,988.7,991.66,986.35,133043610,+3.45 (+0.35%)
25/09/2019,987.3,985.96,989.18,983.06,121420880,-0.83 (-0.08%)
24/09/2019,988.13,986.33,991.36,984.94,119577920,+2.38 (+0.24%)
23/09/2019,985.75,991.75,993.98,985.75,141345790,-4.61 (-0.47%)
20/09/2019,990.36,997.6,998.56,990.36,167884480,-6.74 (-0.68%)
19/09/2019,997.1,995.49,997.2,990.55,140440060,+1.95 (+0.20%)
18/09/2019,995.15,995.75,998.4,993.94,140571130,-1.59 (-0.16%)
17/09/2019,996.74,990.06,996.74,986.96,142632820,+6.88 (+0.70%)
16/09/2019,989.86,987.07,992.6,986.72,138035800,+2.64 (+0.27%)
13/09/2019,987.22,977.71,987.22,975.95,145895070,+11.15 (+1.14%)
12/09/2019,976.07,972.39,976.07,972.31,123174240,+6.76 (+0.70%)
11/09/2019,969.31,969.59,973.13,967.14,95091710,-0.95 (-0.10%)
10/09/2019,970.26,974.62,977.44,968.36,128339460,-3.86 (-0.40%)
09/09/2019,974.12,974.53,975.03,972.47,104287810,+0.04 (+0.00%)
06/09/2019,974.08,977.83,978.73,973.87,108569600,-2.71 (-0.28%)
05/09/2019,976.79,979.83,981.67,976.79,113824610,-0.84 (-0.09%)
04/09/2019,977.63,977.97,979.91,973.37,121831910,-1.73 (-0.18%)
03/09/2019,979.36,984.79,985.21,978.62,126148070,-4.70 (-0.48%)
30/08/2019,984.06,980.25,984.87,980.25,126205940,+5.47 (+0.56%)
29/08/2019,978.59,978.17,978.78,973.34,119663520,+1.33 (+0.14%)
28/08/2019,977.26,977.1,981.35,977.1,117235850,+0.47 (+0.05%)
27/08/2019,976.79,986.33,988.49,976.79,150855300,-6.09 (-0.62%)
26/08/2019,982.88,983.8,984.61,977,151649840,-9.57 (-0.96%)
23/08/2019,992.45,998.21,998.21,990.83,119796120,-4.81 (-0.48%)
22/08/2019,997.26,996.41,998.67,993.23,128389760,+2.88 (+0.29%)
21/08/2019,994.38,984.36,995.44,983.3,146223360,+9.71 (+0.99%)
20/08/2019,984.67,983.94,985.35,981.75,121108870,+3.64 (+0.37%)
19/08/2019,981.03,984.04,985.48,979.17,107980080,+1.03 (+0.11%)
16/08/2019,980,974.88,985.61,974.88,156459560,+0.62 (+0.06%)
15/08/2019,979.38,958.05,979.38,955.76,131135680,+10.47 (+1.08%)
14/08/2019,968.91,975.88,975.99,968.91,125458400,+2.08 (+0.22%)
13/08/2019,966.83,972.7,973.09,964.03,142686780,-8.48 (-0.87%)
12/08/2019,975.31,975.38,977.63,973.22,125710330,+0.97 (+0.10%)
09/08/2019,974.34,976.41,978.69,974.33,133550890,-0.90 (-0.09%)
08/08/2019,975.24,965.62,975.83,964.21,157756080,+9.31 (+0.96%)
07/08/2019,965.93,967.18,971.96,961.64,133866380,+1.32 (+0.14%)
06/08/2019,964.61,960.29,966.15,958.39,170231190,-8.54 (-0.88%)
05/08/2019,973.15,988.6,988.99,973.15,148292430,-17.95 (-1.81%)
02/08/2019,991.1,987.55,991.39,985.69,144127640,-6.29 (-0.63%)
01/08/2019,997.39,993.25,997.39,990.88,135015390,+5.73 (+0.58%)
31/07/2019,991.66,986,993.4,982.64,130600410,+5.64 (+0.57%)
30/07/2019,986.02,1001.46,1002.77,986.02,133259450,-11.92 (-1.19%)
29/07/2019,997.94,994.23,997.94,988.29,113384890,+4.59 (+0.46%)
26/07/2019,993.35,994.8,998.52,992.97,118055590,-1.60 (-0.16%)
25/07/2019,994.95,986.85,997.49,986.85,141192240,+6.54 (+0.66%)
24/07/2019,988.41,993.01,994.85,986.34,132814770,-1.05 (-0.11%)
23/07/2019,989.46,981.38,990.45,980.22,134713850,+7.42 (+0.76%)
22/07/2019,982.04,981.17,985.13,980.08,135292770,-0.30 (-0.03%)
19/07/2019,982.34,978.12,986.12,978.12,160649510,+6.29 (+0.64%)
18/07/2019,976.05,979.16,979.49,975.01,127216580,-6.52 (-0.66%)
17/07/2019,982.57,981.49,985.59,979.05,141947410,+0.46 (+0.05%)
16/07/2019,982.11,975.05,982.11,975.05,142076680,+9.58 (+0.99%)
15/07/2019,972.53,975.57,975.66,970.93,117696750,-2.87 (-0.29%)
12/07/2019,975.4,980.11,982.1,974.32,133003920,-3.23 (-0.33%)
11/07/2019,978.63,976.95,980.02,975.03,133659820,+4.98 (+0.51%)
10/07/2019,973.65,971.19,974.96,971.19,124519570,+4.60 (+0.47%)
09/07/2019,969.05,965.24,969.05,963.05,126456270,+2.70 (+0.28%)
08/07/2019,966.35,972.83,972.83,963.84,119061500,-8.99 (-0.92%)
05/07/2019,975.34,972.74,975.34,970.16,117184620,+2.30 (+0.24%)
04/07/2019,973.04,961.78,973.04,961.65,135119630,+12.65 (+1.32%)
03/07/2019,960.39,960.44,961.67,956.91,113731280,-1.59 (-0.17%)
02/07/2019,961.98,964.77,966.76,959.8,107519450,-3.63 (-0.38%)
01/07/2019,965.61,958.92,965.61,957.66,123426860,+15.67 (+1.65%)
28/06/2019,949.94,944.53,949.94,939.12,122136760,+6.83 (+0.72%)
27/06/2019,943.11,959.48,959.48,943.11,122886150,-16.02 (-1.67%)
26/06/2019,959.13,958.6,962.7,958.38,119422620,-1.00 (-0.10%)
25/06/2019,960.13,961.19,963.23,960.06,120760130,-2.72 (-0.28%)
24/06/2019,962.85,960.29,967.11,959.8,113476250,+3.65 (+0.38%)
21/06/2019,959.2,962.69,964.52,959.12,172955940,+0.02 (+0.00%)
20/06/2019,959.18,949.48,962.33,948.97,129261230,+9.49 (+1.00%)
19/06/2019,949.69,948.92,950.04,946.83,113819830,+5.68 (+0.60%)
18/06/2019,944.01,945.73,947.3,938.95,108309080,-2.94 (-0.31%)
17/06/2019,946.95,953.97,955.18,944.47,104932990,-6.66 (-0.70%)
14/06/2019,953.61,948.65,954.7,948.65,115323520,+3.53 (+0.37%)
13/06/2019,950.08,951.26,952.06,946.29,98544550,-4.09 (-0.43%)
12/06/2019,954.17,960.6,960.6,953.83,100019840,-7.90 (-0.82%)
11/06/2019,962.07,962.43,964.81,959.98,95697370,-0.83 (-0.09%)
10/06/2019,962.9,963.78,966.9,958.6,118770610,+4.62 (+0.48%)
07/06/2019,958.28,951.64,958.28,950.94,97844860,+10.07 (+1.06%)
06/06/2019,948.21,950.57,951.35,939.35,100777880,-3.20 (-0.34%)
05/06/2019,951.41,955.8,958.39,951.39,95438950,+0.25 (+0.03%)
04/06/2019,951.16,945.62,951.42,943.21,102807600,+4.69 (+0.50%)
03/06/2019,946.47,953.58,955.78,940.28,141641430,-13.41 (-1.40%)
31/05/2019,959.88,968.53,969.94,959.88,114110930,-9.46 (-0.98%)
30/05/2019,969.34,971.01,974.56,967.21,105520020,-2.20 (-0.23%)
29/05/2019,971.54,973.31,974.96,969.55,120297710,-0.46 (-0.05%)
28/05/2019,972,977.02,978.8,969.51,120728740,-3.14 (-0.32%)
27/05/2019,975.14,970.73,975.4,970.41,95899120,+5.11 (+0.53%)
24/05/2019,970.03,976.59,983.14,970.03,128053180,-12.68 (-1.29%)
23/05/2019,982.71,982,984.57,977.17,107963620,-1.07 (-0.11%)
22/05/2019,983.78,986.66,992.26,982.68,127215170,-2.51 (-0.25%)
21/05/2019,986.29,989.67,992.84,986.07,124573780,-0.84 (-0.09%)
20/05/2019,987.13,975.95,987.13,974.47,134337940,+10.65 (+1.09%)
17/05/2019,976.48,977.85,980.04,974.91,120457430,+0.79 (+0.08%)
16/05/2019,975.69,976.96,981.22,975.69,129973620,+0.05 (+0.01%)
15/05/2019,975.64,967.95,977.65,967.95,154156590,+10.30 (+1.07%)
14/05/2019,965.34,952.13,965.34,952.13,135189670,+6.80 (+0.71%)
13/05/2019,958.54,952.11,958.54,951.76,124693720,+5.99 (+0.63%)
10/05/2019,952.55,950.37,953.92,947.85,114647770,+5.54 (+0.58%)
09/05/2019,947.01,950.66,953.66,944.91,114863670,-4.21 (-0.44%)
08/05/2019,951.22,950.1,953.88,947.86,116117980,-6.34 (-0.66%)
07/05/2019,957.56,961.31,965.61,955.42,118237660,-0.41 (-0.04%)
06/05/2019,957.97,964.37,964.89,955.41,133510960,-16.17 (-1.66%)
03/05/2019,974.14,976.77,977.13,971.75,127740220,-4.36 (-0.45%)
02/05/2019,978.5,978.81,979.93,975.51,123917210,-1.14 (-0.12%)
26/04/2019,979.64,972.86,979.64,970.73,107350700,+5.51 (+0.57%)
25/04/2019,974.13,976.46,976.46,971.92,112382890,-2.79 (-0.29%)
24/04/2019,976.92,969.66,978.71,969.66,121107830,+8.92 (+0.92%)
23/04/2019,968,964.84,970.98,964.35,112653940,+2.14 (+0.22%)
22/04/2019,965.86,963.78,966.69,959.33,115805120,-0.35 (-0.04%)
19/04/2019,966.21,968.27,971.73,965.46,96080150,+3.91 (+0.41%)
18/04/2019,962.3,969.5,973.73,962.05,137181210,-9.80 (-1.01%)
17/04/2019,972.1,978.21,980.71,972.1,148469420,-5.07 (-0.52%)
16/04/2019,977.17,970.87,978.53,963.06,130941660,-5.73 (-0.58%)
12/04/2019,982.9,984.66,984.69,980.26,111898230,-3.05 (-0.31%)
11/04/2019,985.95,984.46,985.95,981.06,117588860,+4.04 (+0.41%)
10/04/2019,981.91,984.79,987.27,976.83,136497840,-6.57 (-0.66%)
09/04/2019,988.48,999.89,1000.02,987.82,152345600,-9.08 (-0.91%)
08/04/2019,997.56,991.65,997.56,989.33,146953600,+8.30 (+0.84%)
05/04/2019,989.26,988.09,990.38,986.39,129755950,+2.35 (+0.24%)
04/04/2019,986.91,987.47,989.08,982.94,131989370,+2.45 (+0.25%)
03/04/2019,984.46,984.74,985.26,980.3,128758900,-1.35 (-0.14%)
02/04/2019,985.81,994.87,996.41,985.48,139423310,-2.72 (-0.28%)
01/04/2019,988.53,984.89,988.53,982.8,137258330,+7.77 (+0.79%)
29/03/2019,980.76,985.35,988.24,980.76,131921800,-2.22 (-0.23%)
28/03/2019,982.98,973.44,983.18,972.6,122202110,+7.07 (+0.72%)
27/03/2019,975.91,976.67,979.32,972.25,112974060,+6.12 (+0.63%)
26/03/2019,969.79,975.44,978.99,966.9,139645020,-0.28 (-0.03%)
25/03/2019,970.07,976.53,976.53,964.76,177632670,-18.64 (-1.89%)
22/03/2019,988.71,984.9,990.07,981.3,151811080,+6.93 (+0.71%)
21/03/2019,981.78,1005.12,1006.37,981.78,182708030,-20.52 (-2.05%)
20/03/2019,1002.3,1002.86,1003.25,992.02,180045630,-4.29 (-0.43%)
19/03/2019,1006.59,1013.75,1014.51,1004.22,198984160,-5.27 (-0.52%)
18/03/2019,1011.86,1007.92,1013.29,1007.92,188364570,+7.74 (+0.77%)
15/03/2019,1004.12,1008.22,1008.22,1001.1,207003710,-4.32 (-0.43%)
14/03/2019,1008.44,1006.37,1011.39,1002.09,182827760,+3.03 (+0.30%)
13/03/2019,1005.41,1003.75,1009.77,1003.01,197620220,+4.09 (+0.41%)
12/03/2019,1001.32,991.14,1001.32,990.46,179893460,+16.72 (+1.70%)
11/03/2019,984.6,982.94,987.11,981.34,142651930,-0.65 (-0.07%)
08/03/2019,985.25,987.89,991.98,984.48,176347260,-8.78 (-0.88%)
07/03/2019,994.03,995.65,1004.55,994.03,187770040,-0.46 (-0.05%)
06/03/2019,994.49,993.01,994.49,985.51,189551540,+2.04 (+0.21%)
05/03/2019,992.45,990.08,1000.25,987.92,243416220,-1.54 (-0.15%)
04/03/2019,993.99,983.5,994.46,983.33,209754090,+14.36 (+1.47%)
01/03/2019,979.63,971.05,980.82,970.54,147716480,+14.16 (+1.47%)
28/02/2019,965.47,989.84,990.25,965.47,197428310,-24.80 (-2.50%)
27/02/2019,990.27,989.61,994.46,988.09,204616980,+3.21 (+0.33%)
26/02/2019,987.06,991.63,996.44,979.24,209790990,-7.37 (-0.74%)
25/02/2019,994.43,996.06,999.9,992.72,180933453,+5.52 (+0.56%)
22/02/2019,988.91,983.99,993.16,982.86,199234030,+1.34 (+0.14%)
21/02/2019,987.57,972.82,987.57,970.31,162918220,+16.99 (+1.75%)
20/02/2019,970.58,963.29,972.75,963.29,145267490,+6.23 (+0.65%)
19/02/2019,964.35,962.84,971.92,962.81,195093270,+3.05 (+0.32%)
18/02/2019,961.3,954.85,961.3,953.32,169171360,+10.41 (+1.09%)
15/02/2019,950.89,951.9,955.4,948.26,145322500,-1.45 (-0.15%)
14/02/2019,952.34,946.54,953.66,945.99,156655320,+7.09 (+0.75%)
13/02/2019,945.25,937.61,945.25,937.34,176159810,+7.71 (+0.82%)
12/02/2019,937.54,930.37,938.64,926.98,172197210,+11.44 (+1.24%)
11/02/2019,926.1,916.98,926.1,915.86,105483580,+17.43 (+1.92%)
01/02/2019,908.67,911.98,912.81,907.52,101242400,-1.98 (-0.22%)
31/01/2019,910.65,919.12,920.36,910.38,110220270,-5.19 (-0.57%)
30/01/2019,915.84,914.08,917.8,913.48,101720060,-0.09 (-0.01%)
29/01/2019,915.93,913.67,915.93,907.09,97050250,+3.75 (+0.41%)
28/01/2019,912.18,912.53,913.43,908.9,105335970,+3.30 (+0.36%)
25/01/2019,908.88,908.86,911.59,907.96,94869510,+0.09 (+0.01%)
24/01/2019,908.79,908.56,910.59,906.59,93576170,+0.61 (+0.07%)
23/01/2019,908.18,905.73,910.12,905.12,104593270,+1.63 (+0.18%)
22/01/2019,906.55,912.73,913.37,906.55,122327990,-4.50 (-0.49%)
21/01/2019,911.05,905.25,911.74,903.09,119012350,+8.75 (+0.97%)
18/01/2019,902.3,902.7,906.35,900.64,98216800,+0.41 (+0.05%)
17/01/2019,901.89,908.48,909.06,901.89,117379940,-6.81 (-0.75%)
16/01/2019,908.7,911.32,912.48,906.39,107555090,-0.98 (-0.11%)
15/01/2019,909.68,901.21,909.68,898.92,106149230,+7.88 (+0.87%)
14/01/2019,901.8,903.83,903.83,897.18,102797710,-0.91 (-0.10%)
11/01/2019,902.71,899.1,904.37,899.1,107782500,+4.41 (+0.49%)
10/01/2019,898.3,897.85,899.47,895.17,102349440,+1.31 (+0.15%)
09/01/2019,896.99,890.26,897.25,888.61,121796320,+9.55 (+1.08%)
08/01/2019,887.44,891.37,891.87,883.67,92128530,-2.20 (-0.25%)
07/01/2019,889.64,890.47,896.63,885.3,87417130,+8.74 (+0.99%)
04/01/2019,880.9,872.69,881.48,861.85,117664070,+2.68 (+0.31%)
03/01/2019,878.22,889.78,892.21,872.12,135125060,-13.53 (-1.52%)
02/01/2019,891.75,900.1,900.1,891.1,91857070,-0.79 (-0.09%)
28/12/2018,892.54,903.79,903.79,892.54,123558630,-8.27 (-0.92%)
27/12/2018,900.81,904.8,906.63,900.81,112522140,+9.06 (+1.02%)
26/12/2018,891.75,896.63,899.49,890.86,104065930,-6.19 (-0.69%)
25/12/2018,897.94,893.71,897.94,882.17,168379500,-10.62 (-1.17%)
24/12/2018,908.56,910.86,916.41,908.56,109246400,-3.70 (-0.41%)
21/12/2018,912.26,911.57,915.02,907.88,131219760,-5.98 (-0.65%)
20/12/2018,918.24,915.5,921.79,914.18,107806880,-1.00 (-0.11%)
19/12/2018,919.24,926.35,927.03,914.55,119410210,-8.01 (-0.86%)
18/12/2018,927.25,921.48,928.2,917.03,155653890,-6.40 (-0.69%)
17/12/2018,933.65,948.09,948.09,933.65,143135290,-18.39 (-1.93%)
14/12/2018,952.04,958.78,960.09,951.04,131393080,-8.21 (-0.85%)
13/12/2018,960.25,963.65,966.83,960.1,145835490,-1.03 (-0.11%)
12/12/2018,961.28,956.32,961.28,956,143971260,+6.70 (+0.70%)
11/12/2018,954.58,955.93,957.97,949.34,126821330,-1.31 (-0.14%)
10/12/2018,955.89,955.06,958.25,951.5,129252710,-2.70 (-0.28%)
07/12/2018,958.59,956.49,962.39,955.96,151647570,+3.77 (+0.39%)
06/12/2018,954.82,954.61,959.59,948.44,145040180,-2.32 (-0.24%)
05/12/2018,957.14,950.34,960.87,946.97,153998080,-1.70 (-0.18%)
04/12/2018,958.84,952.97,960.44,950.89,177097760,+7.25 (+0.76%)
03/12/2018,951.59,937.7,951.59,937.1,157206860,+25.05 (+2.70%)
30/11/2018,926.54,924.49,928.92,921.08,128769250,-0.25 (-0.03%)
29/11/2018,926.79,934.88,937.75,926.79,117424890,-3.41 (-0.37%)
28/11/2018,930.2,922.29,930.2,922.03,96777710,+7.08 (+0.77%)
27/11/2018,923.12,925.12,930.37,921.26,109001530,+2.09 (+0.23%)
26/11/2018,921.03,915.67,921.96,914.43,90451440,+3.06 (+0.33%)
23/11/2018,917.97,923.91,925.84,916.87,111905790,-6.45 (-0.70%)
22/11/2018,924.42,924.93,926.15,922.02,114412140,+1.86 (+0.20%)
21/11/2018,922.56,909.83,922.56,907.47,119083100,+3.54 (+0.39%)
20/11/2018,919.02,909.76,919.02,909.76,126164590,+2.96 (+0.32%)
19/11/2018,916.06,902.65,916.06,900.61,123860310,+17.87 (+1.99%)
16/11/2018,898.19,901.44,903.21,894.14,142498160,+1.04 (+0.12%)
15/11/2018,897.15,901.13,903.83,892.5,134989500,-3.78 (-0.42%)
14/11/2018,900.93,904.16,910.58,898.83,125187850,-4.45 (-0.49%)
13/11/2018,905.38,904.35,910.2,903.48,132807600,-12.74 (-1.39%)
12/11/2018,918.12,909.36,918.99,903.95,109808760,+3.83 (+0.42%)
09/11/2018,914.29,921.11,925.31,914.29,131109630,-11.99 (-1.29%)
08/11/2018,926.28,928.69,932.86,925.54,136692720,+4.12 (+0.45%)
07/11/2018,922.16,922.03,924.6,915.41,126800490,+0.11 (+0.01%)
06/11/2018,922.05,931,931.27,921.93,120442560,-3.48 (-0.38%)
05/11/2018,925.53,920.87,925.53,915.77,121121310,+0.67 (+0.07%)
02/11/2018,924.86,911.35,927.62,910.4,209087970,+16.90 (+1.86%)
01/11/2018,907.96,915.52,918.84,905.73,121693330,-6.80 (-0.74%)
31/10/2018,914.76,894.23,914.76,894.23,159222360,+26.07 (+2.93%)
30/10/2018,888.69,881.32,894.8,880.85,119547410,-0.13 (-0.01%)
29/10/2018,888.82,895.05,897.84,884.92,113424680,-12.00 (-1.33%)
26/10/2018,900.82,918.11,918.16,900.82,133621650,-9.35 (-1.03%)
25/10/2018,910.17,902.59,912.07,885.34,163619880,-12.56 (-1.36%)
24/10/2018,922.73,935.25,939.06,922.73,132105240,-16.95 (-1.80%)
23/10/2018,939.68,950.12,950.42,925.29,181840880,-13.83 (-1.45%)
22/10/2018,953.51,960.63,963.79,953.51,133005070,-4.85 (-0.51%)
19/10/2018,958.36,949.94,959.63,945.83,132371320,-5.11 (-0.53%)
18/10/2018,963.47,968.93,970.75,962.68,126109950,-8.13 (-0.84%)
17/10/2018,971.6,973.14,975.27,969.06,137820740,+8.23 (+0.85%)
16/10/2018,963.37,950.36,963.69,950.36,117735940,+11.73 (+1.23%)
15/10/2018,951.64,968.8,969.36,951.64,123102110,-18.44 (-1.90%)
12/10/2018,970.08,939.2,970.08,933.35,203631780,+24.19 (+2.56%)
11/10/2018,945.89,972.21,972.21,938.83,344023630,-48.07 (-4.84%)
10/10/2018,993.96,998.66,999.62,991.22,171846560,-2.23 (-0.22%)
09/10/2018,996.19,998.7,1001.87,996.19,178954450,+0.07 (+0.01%)
08/10/2018,996.12,1003.31,1006.13,996.12,185949540,-12.27 (-1.22%)
05/10/2018,1008.39,1020.21,1020.77,1008.39,206650560,-15.23 (-1.49%)
04/10/2018,1023.62,1024.68,1024.68,1020.4,183870790,+3.22 (+0.32%)
03/10/2018,1020.4,1021.08,1024.59,1016.47,160155660,+1.61 (+0.16%)
02/10/2018,1018.79,1014.26,1021.51,1013.11,203932870,+5.91 (+0.58%)
01/10/2018,1012.88,1019.49,1023.87,1012.88,225044930,-4.25 (-0.42%)
28/09/2018,1017.13,1019.34,1020.84,1015.4,224567020,+1.76 (+0.17%)
27/09/2018,1015.37,1012.57,1017.78,1010.49,180962780,+5.76 (+0.57%)
26/09/2018,1009.61,1008.93,1014.86,1007.44,219897580,-1.13 (-0.11%)
25/09/2018,1010.74,1011.94,1014.53,1008.67,198241540,-0.55 (-0.05%)
24/09/2018,1011.29,1007.52,1011.29,1007.45,169398920,+8.32 (+0.83%)
21/09/2018,1002.97,1006.25,1009.1,1000.39,282363809,-1.77 (-0.18%)
20/09/2018,1004.74,996.48,1004.74,996.48,179431950,+9.20 (+0.92%)
19/09/2018,995.54,998.65,1001.83,994.5,238611650,+2.05 (+0.21%)
18/09/2018,993.49,983.43,993.49,981.89,177174157,+5.88 (+0.60%)
17/09/2018,987.61,990.65,993.83,987.02,154938288,-3.73 (-0.38%)
14/09/2018,991.34,990,995.55,989.56,174829950,+3.39 (+0.34%)
13/09/2018,987.95,987.48,992.96,984.92,166912802,+0.94 (+0.10%)
12/09/2018,987.01,990,994.83,987.01,170858030,+1.95 (+0.20%)
11/09/2018,985.06,968.41,985.06,967.92,184132846,+14.72 (+1.52%)
10/09/2018,970.34,969.74,974.59,968.19,176443998,+1.44 (+0.15%)
07/09/2018,968.9,955.5,969.34,955.5,167454932,+10.71 (+1.12%)
06/09/2018,958.19,968.37,970.84,957.99,155339805,-10.25 (-1.06%)
05/09/2018,968.44,975.05,978.78,964.8,178350066,-7.50 (-0.77%)
04/09/2018,975.94,990.79,992.18,975.94,183720902,-13.60 (-1.37%)
31/08/2018,989.54,998.55,1003.06,989.54,174103014,-8.53 (-0.85%)
30/08/2018,998.07,987.62,998.07,983.43,186694516,+9.90 (+1.00%)
29/08/2018,988.17,995.05,995.05,987.47,153550135,-7.02 (-0.71%)
28/08/2018,995.19,993.95,995.29,989.81,169516208,+3.27 (+0.33%)
27/08/2018,991.92,990.19,994.54,990.03,186556153,+4.87 (+0.49%)
24/08/2018,987.05,985.49,989.21,982.88,176073439,-0.31 (-0.03%)
23/08/2018,987.36,984.12,989.45,982.48,144608276,+5.21 (+0.53%)
22/08/2018,982.15,984,986.36,980.32,194167661,+2.94 (+0.30%)
21/08/2018,979.21,968.46,979.21,968.45,191941407,+9.59 (+0.99%)
20/08/2018,969.62,970.81,973.57,966.46,173800308,+0.74 (+0.08%)
17/08/2018,968.88,971.4,975.52,968.88,136124710,+4.60 (+0.48%)
16/08/2018,964.28,952.83,964.28,947.09,165539624,+2.91 (+0.30%)
15/08/2018,961.37,980.45,982,961.37,174032212,-16.90 (-1.73%)
14/08/2018,978.27,979.66,981.42,974.47,169008276,+0.23 (+0.02%)
13/08/2018,978.04,966.46,978.04,963.41,198289764,+9.57 (+0.99%)
10/08/2018,968.47,962.03,968.47,955.04,173773801,+4.97 (+0.52%)
09/08/2018,963.5,968.57,972.52,963.5,163508317,-2.77 (-0.29%)
08/08/2018,966.27,958.31,966.27,958.31,149714118,+9.48 (+0.99%)
07/08/2018,956.79,957.7,962.02,953.71,162135792,-3.44 (-0.36%)
06/08/2018,960.23,960.12,962.99,955.42,153665970,+0.63 (+0.07%)
03/08/2018,959.6,957.92,966.1,955.13,166126830,+6.05 (+0.63%)
02/08/2018,953.55,952.75,953.55,942.39,204154330,+0.78 (+0.08%)
01/08/2018,952.77,957.35,960.05,949.89,180793930,-3.62 (-0.38%)
31/07/2018,956.39,948.56,959.07,947.32,229774470,+6.66 (+0.70%)
30/07/2018,949.73,940.76,949.73,937.69,192188002,+14.21 (+1.52%)
27/07/2018,935.52,931.9,937.23,928.82,176933885,+5.36 (+0.58%)
26/07/2018,930.16,928.96,930.32,920.99,175235210,+2.58 (+0.28%)
25/07/2018,927.58,936.57,938.33,927.58,201884580,-6.50 (-0.70%)
24/07/2018,934.08,933.22,939.07,926.3,169638570,-2.66 (-0.28%)
23/07/2018,936.74,931.52,949.14,930.25,190030610,+3.35 (+0.36%)
20/07/2018,933.39,938.83,941.94,930.26,178891900,-10.58 (-1.12%)
19/07/2018,943.97,943.91,947.07,939.58,166842920,+1.58 (+0.17%)
18/07/2018,942.39,926.14,942.39,926.14,184648680,+21.12 (+2.29%)
17/07/2018,921.27,905.32,921.27,902.02,136304660,+10.16 (+1.12%)
16/07/2018,911.11,914.22,917.63,905.27,110882460,+1.39 (+0.15%)
13/07/2018,909.72,904.8,912.53,899.94,121978590,+11.21 (+1.25%)
12/07/2018,898.51,891.21,905.72,884.75,90464330,+5.35 (+0.60%)
11/07/2018,893.16,898.08,900.16,885.09,138119530,-17.96 (-1.97%)
10/07/2018,911.12,919.44,921.96,911.12,93102100,-4.00 (-0.44%)
09/07/2018,915.12,922.72,929.5,915.12,106167080,-2.39 (-0.26%)
06/07/2018,917.51,891.16,921.75,884.99,141624520,+18.11 (+2.01%)
05/07/2018,899.4,914.48,921.85,892.67,127434590,-15.59 (-1.70%)
04/07/2018,914.99,904.34,914.99,890.83,125177438,+8.98 (+0.99%)
03/07/2018,906.01,945.87,946.16,906.01,161389340,-41.14 (-4.34%)
02/07/2018,947.15,955.18,956.78,932.66,142222740,-13.63 (-1.42%)
29/06/2018,960.78,955.64,962.93,950.48,110043130,+3.43 (+0.36%)
28/06/2018,957.35,964.76,976.12,954.46,130318210,-11.56 (-1.19%)
27/06/2018,968.91,981.44,984.46,968.91,126510710,-14.11 (-1.44%)
26/06/2018,983.02,977.78,983.78,970.75,114881010,-7.50 (-0.76%)
25/06/2018,990.52,997.34,997.34,988.98,118181310,+7.35 (+0.75%)
22/06/2018,983.17,963.89,983.57,959.91,102746580,+13.77 (+1.42%)
21/06/2018,969.4,979.57,979.57,966.28,94237830,-11.55 (-1.18%)
20/06/2018,980.95,957.37,980.95,955.61,119730870,+18.79 (+1.95%)
19/06/2018,962.16,972.38,972.62,941.57,203659510,-25.18 (-2.55%)
18/06/2018,987.34,1015.56,1018.98,986.88,145591940,-29.17 (-2.87%)
15/06/2018,1016.51,1012.71,1018.95,1006.75,144865820,+0.79 (+0.08%)
14/06/2018,1015.72,1032.62,1033.46,1015.72,135233070,-14.81 (-1.44%)
13/06/2018,1030.53,1017.93,1030.53,1017.93,104474723,+9.77 (+0.96%)
12/06/2018,1020.76,1033.55,1033.55,1005.1,169945710,-18.26 (-1.76%)
11/06/2018,1039.02,1033.55,1045.6,1029.19,133836660,+0.01 (+0.00%)
08/06/2018,1039.01,1032.59,1039.07,1026.94,137991270,+2.32 (+0.22%)
07/06/2018,1036.69,1038.93,1043.71,1030.79,151829230,+2.19 (+0.21%)
06/06/2018,1034.5,1020.97,1034.5,1012.98,155014065,+11.76 (+1.15%)
05/06/2018,1022.74,1013.59,1025.26,1011.59,173096680,+8.96 (+0.88%)
04/06/2018,1013.78,994.48,1013.78,992.01,146895440,+20.91 (+2.11%)
01/06/2018,992.87,973.67,995.06,973.56,160913600,+21.62 (+2.23%)
31/05/2018,971.25,947.96,975.51,945.29,162415893,+22.75 (+2.40%)
30/05/2018,948.5,953.41,953.41,932.26,117512290,-3.68 (-0.39%)
29/05/2018,952.18,925.89,958.96,916,155301290,+20.43 (+2.19%)
28/05/2018,931.75,938.86,951.34,927.47,191197120,-32.15 (-3.34%)
25/05/2018,963.9,981.47,987.56,963.9,143615915,-22.02 (-2.23%)
24/05/2018,985.92,992.24,995.82,974.14,104772830,-3.02 (-0.31%)
23/05/2018,988.94,974.8,995.25,965.92,126755700,+3.03 (+0.31%)
22/05/2018,985.91,1006.18,1015.97,976.73,158542820,-29.07 (-2.86%)
21/05/2018,1014.98,1043.82,1043.82,1014.98,104031010,-25.56 (-2.46%)
18/05/2018,1040.54,1033.33,1040.84,1013.57,408221419,+9.90 (+0.96%)
17/05/2018,1030.64,1055.21,1057.84,1030.64,112545205,-23.98 (-2.27%)
16/05/2018,1054.62,1070.34,1072.46,1052.18,121268150,-18.88 (-1.76%)
15/05/2018,1073.5,1072.25,1084.2,1071.02,133723564,+6.52 (+0.61%)
14/05/2018,1066.98,1051.69,1066.98,1042.31,112785900,+22.13 (+2.12%)
11/05/2018,1044.85,1026.34,1044.85,1014.3,132884180,+15.98 (+1.55%)
10/05/2018,1028.87,1058.22,1059.34,1025.75,143626080,-28.10 (-2.66%)
09/05/2018,1056.97,1058.33,1069.8,1051.79,125896530,-3.48 (-0.33%)
08/05/2018,1060.45,1061.12,1072.28,1057.24,145322006,-1.81 (-0.17%)
07/05/2018,1062.26,1034.64,1062.26,1028.79,122128310,+35.46 (+3.45%)
04/05/2018,1026.8,1032.12,1037.02,1022.1,150452987,+0.34 (+0.03%)
03/05/2018,1026.46,1018.47,1027.38,1003.79,170959320,-2.62 (-0.25%)
02/05/2018,1029.08,1053.26,1053.52,1024.75,172885579,-21.18 (-2.02%)
27/04/2018,1050.26,1037.36,1054.94,1031.89,152853910,+5.40 (+0.52%)
26/04/2018,1044.86,1082.52,1082.52,1039.35,184919930,-35.88 (-3.32%)
24/04/2018,1080.74,1064.86,1084.89,1048.68,166004870,+3.96 (+0.37%)
23/04/2018,1076.78,1124.33,1127.24,1076.78,194901680,-43.08 (-3.85%)
20/04/2018,1119.86,1095.84,1119.86,1078.01,209547676,+25.23 (+2.30%)
19/04/2018,1094.63,1137.99,1137.99,1094.63,183841740,-43.90 (-3.86%)
18/04/2018,1138.53,1157.67,1160.32,1138.42,152105320,-14.75 (-1.28%)
17/04/2018,1153.28,1149.02,1156.7,1139.33,159801027,+4.79 (+0.42%)
16/04/2018,1148.49,1156.54,1159.45,1141.81,138666630,-8.65 (-0.75%)
13/04/2018,1157.14,1178.57,1181.52,1153.93,156898440,-15.88 (-1.35%)
12/04/2018,1173.02,1162.48,1173.02,1153.64,168958120,+5.91 (+0.51%)
11/04/2018,1167.11,1201.51,1202.46,1167.11,245785470,-31.01 (-2.59%)
10/04/2018,1198.12,1207.62,1211.34,1192.22,246566650,-6.21 (-0.52%)
09/04/2018,1204.33,1202.44,1207.45,1197.44,235805146,+4.37 (+0.36%)
06/04/2018,1199.96,1194.15,1202.59,1194.15,217719530,+6.79 (+0.57%)
05/04/2018,1193.17,1197.76,1199.15,1186.75,186567260,+1.63 (+0.14%)
04/04/2018,1191.54,1194.26,1200.71,1189.46,194006930,+3.25 (+0.27%)
03/04/2018,1188.29,1197,1199.93,1185.83,217626820,-8.32 (-0.70%)
02/04/2018,1196.61,1180.26,1196.61,1179.73,221037550,+22.15 (+1.89%)
30/03/2018,1174.46,1169.29,1175.36,1158.49,150318960,+7.43 (+0.64%)
29/03/2018,1167.03,1174.73,1176.45,1164.12,184950625,-5.21 (-0.44%)
28/03/2018,1172.24,1168.87,1179.18,1165.71,165131520,+0.51 (+0.04%)
27/03/2018,1171.73,1187.42,1187.42,1169.58,201305790,+0.51 (+0.04%)
26/03/2018,1171.22,1150.51,1176.95,1150.51,176032690,+17.63 (+1.53%)
23/03/2018,1153.59,1154.25,1157.2,1138.53,237107530,-18.77 (-1.60%)
22/03/2018,1172.36,1175.22,1180.44,1169.48,215497530,+3.00 (+0.26%)
21/03/2018,1169.36,1166.51,1172.31,1163.91,212812970,+9.97 (+0.86%)
20/03/2018,1159.39,1154.48,1166.33,1154.48,189756080,+0.17 (+0.01%)
19/03/2018,1159.22,1158.16,1165.63,1155.82,221555290,+9.03 (+0.79%)
16/03/2018,1150.19,1144.54,1152.52,1140.56,260196900,+11.43 (+1.00%)
15/03/2018,1138.76,1134.51,1140.74,1129.66,207105860,+0.67 (+0.06%)
14/03/2018,1138.09,1135.99,1142.88,1134.55,222436340,+4.78 (+0.42%)
13/03/2018,1133.31,1126.53,1133.31,1118.49,208112910,+7.02 (+0.62%)
12/03/2018,1126.29,1135.37,1135.48,1123.98,197146780,+2.88 (+0.26%)
09/03/2018,1123.41,1128.73,1135.02,1119.18,205512360,-0.74 (-0.07%)
08/03/2018,1124.15,1112.24,1126.35,1111.76,186579760,+11.89 (+1.07%)
07/03/2018,1112.26,1121.99,1126.67,1103.29,239942030,-8.03 (-0.72%)
06/03/2018,1120.29,1106.28,1120.29,1091.67,210241820,+26.81 (+2.45%)
05/03/2018,1093.48,1129.92,1132.69,1093.48,252795970,-27.73 (-2.47%)
02/03/2018,1121.21,1103.16,1121.91,1103.16,188043270,+5.42 (+0.49%)
01/03/2018,1115.79,1118.13,1129.3,1110.92,207156270,-5.75 (-0.51%)
28/02/2018,1121.54,1110.3,1129.89,1109.89,213347390,+1.93 (+0.17%)
27/02/2018,1119.61,1124.03,1124.03,1106.77,175305260,+5.08 (+0.46%)
26/02/2018,1114.53,1115.9,1127.57,1114.06,221574620,+11.68 (+1.06%)
23/02/2018,1102.85,1086.81,1102.85,1081.31,177049320,+26.82 (+2.49%)
22/02/2018,1076.03,1080.77,1091.62,1074.27,185011630,-11.12 (-1.02%)
21/02/2018,1087.15,1073.33,1092.65,1070.43,165043220,+27.42 (+2.59%)
13/02/2018,1059.73,1053.31,1060.48,1052.86,157958690,+17.94 (+1.72%)
12/02/2018,1041.79,1011.64,1041.79,1011.64,162098570,+37.85 (+3.77%)
09/02/2018,1003.94,991.09,1003.94,973.78,199516810,-19.31 (-1.89%)
08/02/2018,1023.25,1031.46,1039.61,1023.25,161025060,-17.30 (-1.66%)
07/02/2018,1040.55,1040.53,1048.54,1034.13,208749250,+28.95 (+2.86%)
06/02/2018,1011.6,1026.08,1026.08,983.06,364437550,-37.11 (-3.54%)
05/02/2018,1048.71,1089.62,1090.88,1048.71,248154720,-56.33 (-5.10%)
02/02/2018,1105.04,1098.66,1105.04,1091.06,172601930,+5.37 (+0.49%)
01/02/2018,1099.67,1111.74,1111.74,1090.25,233072190,-10.69 (-0.96%)
31/01/2018,1110.36,1112.23,1128.1,1104.98,312880930,-0.20 (-0.02%)
30/01/2018,1110.56,1099.98,1110.56,1092.44,287489730,+0.76 (+0.07%)
29/01/2018,1109.8,1121.78,1130.1,1109.8,263321700,-5.84 (-0.52%)
26/01/2018,1115.64,1119.78,1123.83,1103.06,261062660,+11.07 (+1.00%)
25/01/2018,1104.57,1098.44,1117.08,1098.44,445940510,+17.15 (+1.58%)
22/01/2018,1087.42,1066.86,1088.05,1066.61,246215500,+25.35 (+2.39%)
19/01/2018,1062.07,1054.33,1067.21,1053.37,279706010,+11.82 (+1.13%)
18/01/2018,1050.25,1028.76,1050.25,1020.01,256859550,+15.56 (+1.50%)
17/01/2018,1034.69,1061.98,1064.77,1034.69,294301610,-28.27 (-2.66%)
16/01/2018,1062.96,1059.36,1065.39,1052.43,294792490,-0.51 (-0.05%)
15/01/2018,1063.47,1049.91,1063.47,1043.15,256567310,+13.36 (+1.27%)
12/01/2018,1050.11,1050.17,1057.88,1046.38,320836070,+1.94 (+0.19%)
11/01/2018,1048.17,1037.03,1049.73,1031.13,288550670,+10.06 (+0.97%)
10/01/2018,1038.11,1034.64,1045.63,1033.01,341600970,+4.55 (+0.44%)
09/01/2018,1033.56,1027.14,1033.56,1017.86,290482980,+10.66 (+1.04%)
08/01/2018,1022.9,1011.36,1022.9,1004.89,236387900,+10.25 (+1.01%)
05/01/2018,1012.65,1020.34,1020.6,1010.65,267882440,-7.10 (-0.70%)
04/01/2018,1019.75,1009.37,1019.75,1009,235427380,+14.08 (+1.40%)
03/01/2018,1005.67,999.86,1010.21,998.41,212755670,+9.90 (+0.99%)
02/01/2018,995.77,986.05,996.18,984.34,173125210,+11.53 (+1.17%)
29/12/2017,984.24,978.39,990.1,976.33,180964800,+7.52 (+0.77%)
28/12/2017,976.72,970.63,978.65,967.73,143944680,+8.26 (+0.85%)
27/12/2017,968.46,969.72,972.6,965.18,177748110,+2.53 (+0.26%)
26/12/2017,965.93,960.32,965.93,957.24,134417650,+7.62 (+0.80%)
25/12/2017,958.31,954.28,958.57,952.41,116082960,+5.99 (+0.63%)
22/12/2017,952.32,947.54,952.7,945.18,146008550,+6.26 (+0.66%)
21/12/2017,946.06,949.45,957.56,946.06,146788730,-7.45 (-0.78%)
20/12/2017,953.51,945.12,958.82,945.12,174376230,+2.09 (+0.22%)
19/12/2017,951.42,961.03,963.01,951.25,206933350,-6.64 (-0.69%)
18/12/2017,958.06,945.9,958.06,945.9,226365940,+22.90 (+2.45%)
15/12/2017,935.16,933.63,939.57,932.96,229584110,-0.69 (-0.07%)
14/12/2017,935.85,925.51,936.29,923.99,154262610,+11.45 (+1.24%)
13/12/2017,924.4,932.05,932.48,922.97,127047580,-2.85 (-0.31%)
12/12/2017,927.25,927.67,931.12,895.73,225246300,+9.80 (+1.07%)
11/12/2017,917.45,930.17,936.93,917.45,170105480,-22.71 (-2.42%)
08/12/2017,940.16,938.41,944.75,930.29,153106250,+1.51 (+0.16%)
07/12/2017,938.65,950.23,954.24,932.68,162853390,-8.99 (-0.95%)
06/12/2017,947.64,950.21,950.72,932.64,225172150,-5.66 (-0.59%)
05/12/2017,953.3,972.28,974.8,953.3,237663970,-16.72 (-1.72%)
04/12/2017,970.02,962.47,972.53,962.47,253286410,+9.69 (+1.01%)
01/12/2017,960.33,952.76,960.33,952.76,204845390,+10.40 (+1.09%)
30/11/2017,949.93,956.17,960.11,949.93,225052010,-2.21 (-0.23%)
29/11/2017,952.14,943.46,952.14,940.4,206121930,+10.93 (+1.16%)
28/11/2017,941.21,939.1,943.45,933.59,323706840,+2.60 (+0.28%)
27/11/2017,938.61,933.38,947.06,931.29,225989050,+3.04 (+0.32%)
24/11/2017,935.57,930.52,937.54,924.65,199758010,+1.87 (+0.20%)
23/11/2017,933.7,938.31,943.15,927,205435150,+1.04 (+0.11%)
22/11/2017,932.66,921.13,932.66,921.13,181455380,+14.36 (+1.56%)
21/11/2017,918.3,907.51,929.89,907.51,207576000,+14.75 (+1.63%)
20/11/2017,903.55,890.34,903.55,889.55,145015010,+12.86 (+1.44%)
17/11/2017,890.69,893.99,898.11,886.86,168088500,-2.11 (-0.24%)
16/11/2017,892.8,880.17,892.8,880.17,169624640,+10.21 (+1.16%)
15/11/2017,882.59,877.65,884.83,876.6,162193450,+1.69 (+0.19%)
14/11/2017,880.9,881.15,884.14,874.74,168957930,+1.56 (+0.18%)
13/11/2017,879.34,871.7,879.34,871.7,189223330,+11.13 (+1.28%)
10/11/2017,868.21,859.91,869.37,859.24,150413680,+7.81 (+0.91%)
09/11/2017,860.4,862.38,864.2,858.16,142874820,+0.70 (+0.08%)
08/11/2017,859.7,853.15,863.07,852.32,147296730,+9.37 (+1.10%)
07/11/2017,850.33,850.2,854.6,847.88,150836950,+1.24 (+0.15%)
06/11/2017,849.09,846.12,849.09,843.76,128405430,+5.36 (+0.64%)
03/11/2017,843.73,833.16,843.73,831.58,149701990,+10.64 (+1.28%)
02/11/2017,833.09,842.19,849.53,833.09,174440020,-9.62 (-1.14%)
01/11/2017,842.71,838.75,842.88,838.01,154993610,+5.43 (+0.65%)
31/10/2017,837.28,844.27,845.93,837.28,159926430,-7.92 (-0.94%)
30/10/2017,845.2,842.92,849.3,842.92,162129150,+4.83 (+0.57%)
27/10/2017,840.37,829.15,840.37,828.45,125941130,+10.26 (+1.24%)
26/10/2017,830.11,829.94,834.67,823.92,166974910,-0.58 (-0.07%)
25/10/2017,830.69,826.08,830.69,822.83,160167014,+5.45 (+0.66%)
24/10/2017,825.24,818.08,825.24,814.92,141570200,+5.20 (+0.63%)
23/10/2017,820.04,826.25,827.24,818.81,194440930,-6.80 (-0.82%)
20/10/2017,826.84,827.93,833.57,826.84,175594060,-2.09 (-0.25%)
19/10/2017,828.93,828.89,831.61,825.5,143640120,+1.21 (+0.15%)
18/10/2017,827.72,829.43,831.15,826.72,183072810,-0.57 (-0.07%)
17/10/2017,828.29,819.51,828.29,819.43,162264680,+8.86 (+1.08%)
16/10/2017,819.43,821.54,823.85,819.43,149580780,-1.52 (-0.19%)
13/10/2017,820.95,814.6,820.95,814.2,141204400,+5.08 (+0.62%)
12/10/2017,815.87,814.43,818.44,813.72,136859420,+1.92 (+0.24%)
11/10/2017,813.95,811.2,815.11,811.2,163158300,+3.30 (+0.41%)
10/10/2017,810.65,808.43,810.65,806.3,135959126,+1.69 (+0.21%)
09/10/2017,808.96,809.61,810.75,806.78,90710071,+1.16 (+0.14%)
06/10/2017,807.8,805.7,808.13,803.81,106922275,+2.57 (+0.32%)
05/10/2017,805.23,806.56,810.54,805.22,130049115,-0.43 (-0.05%)
04/10/2017,805.66,797.39,805.66,797,100329413,+7.66 (+0.96%)
03/10/2017,798,803.98,804.39,795.05,134162476,-4.23 (-0.53%)
02/10/2017,802.23,805.29,808.09,801.7,101196300,-2.19 (-0.27%)
29/09/2017,804.42,805.07,808.77,804.42,124224690,-0.40 (-0.05%)
28/09/2017,804.82,803.1,810.35,803.1,161949260,+1.05 (+0.13%)
27/09/2017,803.77,803.32,805.04,801.74,142029330,-1.58 (-0.20%)
26/09/2017,805.35,806.4,806.84,801.66,155559280,-0.23 (-0.03%)
25/09/2017,805.58,806.9,807.64,802.23,126085700,-1.55 (-0.19%)
22/09/2017,807.13,805.15,808.16,803.94,150381610,+3.20 (+0.40%)
21/09/2017,803.93,805.29,806.52,802.6,130767410,-1.93 (-0.24%)
20/09/2017,805.86,806.88,807.51,803.33,137443940,-0.07 (-0.01%)
19/09/2017,805.93,807.41,810.13,805.87,160487610,-1.94 (-0.24%)
18/09/2017,807.87,808.51,809.39,805.37,167579320,+2.05 (+0.25%)
15/09/2017,805.82,803.35,805.82,802.08,142760690,-0.50 (-0.06%)
14/09/2017,806.32,803.34,807.29,803.23,139352800,+3.54 (+0.44%)
13/09/2017,802.78,802.85,804.38,800.39,139692830,+2.84 (+0.36%)
12/09/2017,799.94,795.53,801.01,794.88,133449030,+2.47 (+0.31%)
11/09/2017,797.47,801.21,805.44,797.47,138929970,-3.73 (-0.47%)
08/09/2017,801.2,797.98,802.9,797.82,122071810,+4.48 (+0.56%)
07/09/2017,796.72,793.61,798.58,792.77,143540810,+3.17 (+0.40%)
06/09/2017,793.55,792.16,793.82,788.89,144147770,+1.24 (+0.16%)
05/09/2017,792.31,790.26,794.46,787.8,153091050,+3.58 (+0.45%)
01/09/2017,788.73,784.42,789.19,784.18,137914410,+5.97 (+0.76%)
31/08/2017,782.76,779.19,785.78,778.19,191640520,+4.11 (+0.53%)
30/08/2017,778.65,774.31,778.65,773.85,193496470,+4.62 (+0.60%)
29/08/2017,774.03,773.91,777.11,773.87,255981300,-3.23 (-0.42%)
28/08/2017,777.26,771.81,777.26,770.51,240572610,+5.63 (+0.73%)
25/08/2017,771.63,769.07,771.63,768.57,218265430,+1.86 (+0.24%)
24/08/2017,769.77,766.48,771.65,764.64,208905050,+3.79 (+0.49%)